,link,title,end_date
0,https://www.4zida.rs/prodaja-placeva/dragolj-okolne-lokacije-gornji-milanovac/gradjevinsko-zemljiste/65ae456fd6d821cee00eb4dc,"Građevinsko zemljište na prodaju, Duboki, 16.999€, 64a - 4zida",2024-05-18
1,https://www.4zida.rs/prodaja-placeva/kovilj-okolne-lokacije-novi-sad/gradjevinsko-zemljiste/660316310fd68a60b60601de,"Građevinsko zemljište na prodaju, Kovilj, 15€, 220a - 4zida",2024-05-18
2,https://www.4zida.rs/prodaja-placeva/novo-selo-gradske-lokacije-subotica/gradjevinsko-zemljiste/6630d4a337041e3d3a04b73a,"Građevinsko zemljište na prodaju, Novo Selo, 115.000€, 108a - 4zida",2024-05-18
3,https://www.4zida.rs/prodaja-placeva/bubanj-centar-gradske-lokacije-kragujevac/gradjevinsko-zemljiste/6645f8bdc98474960109afca,"Građevinsko zemljište na prodaju, Braće Nikolić, 170.000€, 34a - 4zida",2024-05-18
4,https://www.4zida.rs/prodaja-placeva/pocerski-pricinovic-okolne-lokacije-sabac/gradjevinsko-zemljiste/65eaebbe1a960ee2020b42bb,"Građevinsko zemljište na prodaju, Pocerski Pričinović, 16.000€, 44a - 4zida",2024-05-18
5,https://www.4zida.rs/prodaja-placeva/jelasnica-okolne-lokacije-nis/gradjevinsko-zemljiste/663a3a82a12ec6c68c090b7c,"Građevinsko zemljište na prodaju, Jelašnica, 200.000€, 170a - 4zida",2024-05-18
6,https://www.4zida.rs/prodaja-placeva/makis-cukarica-cukarica-opstina-beograd/gradjevinsko-zemljiste/6639dce4d6b8c8895604f334,"Građevinsko zemljište na prodaju, Stari Obrenovacki put, 3.500€, 7a - 4zida",2024-05-18
7,https://www.4zida.rs/prodaja-placeva/mali-radanovac-gradske-lokacije-subotica/gradjevinsko-zemljiste/65d4b5211bf47ce0270169c2,"Građevinsko zemljište na prodaju, Mali Radanovac, 15.500€, 5a - 4zida",2024-05-18
8,https://www.4zida.rs/prodaja-placeva/slatina-sopot-opstina-beograd/gradjevinsko-zemljiste/65bce08dc0c79ce99006294d,"Građevinsko zemljište na prodaju, Slatina, 12.000€, 10a - 4zida",2024-05-18
9,https://www.4zida.rs/prodaja-placeva/kosmaj-sopot-opstina-beograd/gradjevinsko-zemljiste/65e385cc491208e3bf0c9002,"Građevinsko zemljište na prodaju, Ljubomira Ivkovića Šuce 2, 2.800€, 15a - 4zida",2024-05-18
10,https://www.4zida.rs/prodaja-placeva/prosek-okolne-lokacije-nis/gradjevinsko-zemljiste/65f99252441137a4e608a01f,"Građevinsko zemljište na prodaju, Prosek, 8.000€, 3a - 4zida",2024-05-18
11,https://www.4zida.rs/prodaja-placeva/vinik-pantelej-gradske-lokacije-nis/gradjevinsko-zemljiste/64e8aa7d106ec264f9000ed3,"Građevinsko zemljište na prodaju, Vinik, 10.000€, 10a - 4zida",2024-05-18
12,https://www.4zida.rs/prodaja-placeva/vilandrica-okolne-lokacije-gadzin-han/gradjevinsko-zemljiste/65294411776a7e50ae074d49,"Građevinsko zemljište na prodaju, Vilandrica, 6.000€, 1a - 4zida",2024-05-18
13,https://www.4zida.rs/prodaja-placeva/simanovci-okolne-lokacije-pecinci/gradjevinsko-zemljiste/664206e7d4b75a851a074fc1,"Građevinsko zemljište na prodaju, Šimanovci, 104.850€, 69a - 4zida",2024-05-18
14,https://www.4zida.rs/prodaja-placeva/vranic-barajevo-opstina-beograd/gradjevinsko-zemljiste/6565c26289b01c55e106815d,"Građevinsko zemljište na prodaju, Kralja Dragutina, 19.500€, 14a - 4zida",2024-05-18
15,https://www.4zida.rs/prodaja-placeva/gradske-lokacije-kursumlija/gradjevinsko-zemljiste/64f5bd789340449cf7085c67,"Građevinsko zemljište na prodaju, Čukare, 8.000€, 0a - 4zida",2024-05-18
16,https://www.4zida.rs/prodaja-placeva/cardak-sremska-kamenica-gradske-lokacije-novi-sad/gradjevinsko-zemljiste/664380da0e2b06bbe209e48a,"Građevinsko zemljište na prodaju, Livade (Sremska Kamenica), 49.500€, 5a - 4zida",2024-05-18
17,https://www.4zida.rs/prodaja-placeva/gradske-lokacije-ruma/gradjevinsko-zemljiste/66376006ae9b2563b50a8724,"Građevinsko zemljište na prodaju, Ruma, 30.000€, 15a - 4zida",2024-05-18
18,https://www.4zida.rs/prodaja-placeva/gradac-gradske-lokacije-valjevo/gradjevinsko-zemljiste/6644c52b14bb7b032f09fdf8,"Građevinsko zemljište na prodaju, Gradac, 67.500€, 45a - 4zida",2024-05-18
19,https://www.4zida.rs/prodaja-placeva/lisovic-barajevo-opstina-beograd/gradjevinsko-zemljiste/65ae458dd6d821cee00eb527,"Građevinsko zemljište na prodaju, Lisovići, 10.000€, 10a - 4zida",2024-05-18
20,https://www.4zida.rs/prodaja-placeva/pasi-poljana-palilula-gradske-lokacije-nis/gradjevinsko-zemljiste/6630c5b60cd079209f0cb803,"Građevinsko zemljište na prodaju, Pasi Poljana 1, 62.000€, 15a - 4zida",2024-05-18
21,https://www.4zida.rs/prodaja-placeva/niska-banja-gradske-lokacije-nis/gradjevinsko-zemljiste/65e30bfbe585e13b98052510,"Građevinsko zemljište na prodaju, Niška Banja, 16.000€, 7a - 4zida",2024-05-18
22,https://www.4zida.rs/prodaja-placeva/adice-gradske-lokacije-novi-sad/gradjevinsko-zemljiste/662f66aea983451047089208,"Građevinsko zemljište na prodaju, Adice, 154.500€, 566a - 4zida",2024-05-18
23,https://www.4zida.rs/prodaja-placeva/zeljeznicko-naselje-gradske-lokacije-subotica/gradjevinsko-zemljiste/6645bffa38b6f731f6035365,"Građevinsko zemljište na prodaju, Željezničko Naselje, 11.000€, 4a - 4zida",2024-05-18
24,https://www.4zida.rs/prodaja-placeva/stara-misa-gradske-lokacije-pancevo/gradjevinsko-zemljiste/65e3a1d48a3c94ebf90847d1,"Građevinsko zemljište na prodaju, Bavaništanski put, 20.000€, 5a - 4zida",2024-05-18
25,https://www.4zida.rs/prodaja-placeva/donje-vlase-okolne-lokacije-nis/gradjevinsko-zemljiste/6554e377644698ffce022daa,"Građevinsko zemljište na prodaju, Donje Vlase, 8.500€, 4a - 4zida",2024-05-18
26,https://www.4zida.rs/prodaja-placeva/velika-mostanica-cukarica-opstina-beograd/gradjevinsko-zemljiste/664227a2303ec518790f581b,"Građevinsko zemljište na prodaju, Velika Moštanica, 65.000€, 107a - 4zida",2024-05-18
27,https://www.4zida.rs/prodaja-placeva/gradske-lokacije-leskovac/gradjevinsko-zemljiste/6643341bbb251926aa022fba,"Građevinsko zemljište na prodaju, Slavka Zlatanovića 20, 1€, 6a - 4zida",2024-05-18
28,https://www.4zida.rs/prodaja-placeva/bobiste-okolne-lokacije-leskovac/gradjevinsko-zemljiste/6641e09d12b63b41030ae1f8,"Građevinsko zemljište na prodaju, Trlište, 7.500€, 1872a - 4zida",2024-05-18
29,https://www.4zida.rs/prodaja-placeva/sumarice-gradske-lokacije-kragujevac/gradjevinsko-zemljiste/663b7d6cacf3abea540fc12e,"Građevinsko zemljište na prodaju, Šumarice, 40.000€, 7a - 4zida",2024-05-18
30,https://www.4zida.rs/prodaja-placeva/gornji-matejevac-okolne-lokacije-nis/gradjevinsko-zemljiste/64806a9475dcb223ff0d88a9,"Građevinsko zemljište na prodaju, Gornji Matejevac, 12.000€, 14a - 4zida",2024-05-18
31,https://www.4zida.rs/prodaja-placeva/cortanovci-okolne-lokacije-indjija/gradjevinsko-zemljiste/6643e9aaea2e9227e00d4323,"Građevinsko zemljište na prodaju, Čortanovci, 50.000€, 35a - 4zida",2024-05-18
32,https://www.4zida.rs/prodaja-placeva/gornji-tavankut-tavankut-okolne-lokacije-subotica/gradjevinsko-zemljiste/65156650826a62896d00e5f1,"Građevinsko zemljište na prodaju, Gornji Tavankut, 20.000€, 70a - 4zida",2024-05-18
33,https://www.4zida.rs/prodaja-placeva/mala-mostanica-obrenovac-opstina-beograd/gradjevinsko-zemljiste/662bcb1a2040fa5db709f9fb,"Građevinsko zemljište na prodaju, Preki lug, 30.000€, 10a - 4zida",2024-05-18
34,https://www.4zida.rs/prodaja-placeva/mali-zbeg-borca-palilula-opstina-beograd/gradjevinsko-zemljiste/663c78ceb4d511e2ef0096d4,"Građevinsko zemljište na prodaju, Andreja Saharova, 32.000€, 4a - 4zida",2024-05-18
35,https://www.4zida.rs/prodaja-placeva/ilicevo-gradske-lokacije-kragujevac/gradjevinsko-zemljiste/662cd16f4b7970f00604a85c,"Građevinsko zemljište na prodaju, Viška, 55.000€, 36a - 4zida",2024-05-18
36,https://www.4zida.rs/prodaja-placeva/americ-mladenovac-opstina-beograd/gradjevinsko-zemljiste/65ae4552d6d821cee00eb491,"Građevinsko zemljište na prodaju, Amerić, 15.000€, 7a - 4zida",2024-05-18
37,https://www.4zida.rs/prodaja-placeva/carina-gradske-lokacije-sokobanja/gradjevinsko-zemljiste/655762b61eb04b1c5e083152,"Građevinsko zemljište na prodaju, Vinogradska, 15.000€, 3a - 4zida",2024-05-18
38,https://www.4zida.rs/prodaja-placeva/jezava-gradske-lokacije-knjazevac/gradjevinsko-zemljiste/65b2365c5634395e370992c2,"Građevinsko zemljište na prodaju, Crni vrh, 6.000€, 7a - 4zida",2024-05-18
39,https://www.4zida.rs/prodaja-placeva/okolne-lokacije-svilajnac/gradjevinsko-zemljiste/65ae35007f148b6d88017b0d,"Građevinsko zemljište na prodaju, Crkvenac, 12.800€, 16a - 4zida",2024-05-18
40,https://www.4zida.rs/prodaja-placeva/gradske-lokacije-novi-becej/gradjevinsko-zemljiste/6643e33dfb66dcd77a0120b4,"Građevinsko zemljište na prodaju, Gradske lokacije, 10.000€, 3a - 4zida",2024-05-18
41,https://www.4zida.rs/prodaja-placeva/bobiste-okolne-lokacije-leskovac/gradjevinsko-zemljiste/65e6ca325e5d3437f7037858,"Građevinsko zemljište na prodaju, Ćaćino ćaćino, 6.000€, 7a - 4zida",2024-05-18
42,https://www.4zida.rs/prodaja-placeva/baljkovac-okolne-lokacije-kragujevac/gradjevinsko-zemljiste/6645f8c5c98474960109afe8,"Građevinsko zemljište na prodaju, Baljkovački put, 11.000€, 102a - 4zida",2024-05-18
43,https://www.4zida.rs/prodaja-placeva/mali-bajmok-gradske-lokacije-subotica/gradjevinsko-zemljiste/65d87f487e20bc5d780ae1f7,"Građevinsko zemljište na prodaju, Mali Bajmok, 9.000€, 5a - 4zida",2024-05-18
44,https://www.4zida.rs/prodaja-placeva/dobanovci-surcin-opstina-beograd/gradjevinsko-zemljiste/664206e7d4b75a851a074fc7,"Građevinsko zemljište na prodaju, Dobanovci, 1.500.000€, 114a - 4zida",2024-05-18
45,https://www.4zida.rs/prodaja-placeva/stari-slankamen-okolne-lokacije-indjija/gradjevinsko-zemljiste/66312a124c039fd21b0a6e13,"Građevinsko zemljište na prodaju, VINOGRADARSKA 26, 15.500€, 10a - 4zida",2024-05-18
46,https://www.4zida.rs/prodaja-placeva/americ-mladenovac-opstina-beograd/gradjevinsko-zemljiste/65ddf28738cf54edb40ba911,"Građevinsko zemljište na prodaju, Amerić, 14.000€, 7a - 4zida",2024-05-18
47,https://www.4zida.rs/prodaja-placeva/nemenikuce-sopot-opstina-beograd/gradjevinsko-zemljiste/660554b90f821ead1a0297de,"Građevinsko zemljište na prodaju, Nemenikuće, 52.500€, 35a - 4zida",2024-05-18
48,https://www.4zida.rs/prodaja-placeva/cerevic-okolne-lokacije-beocin/gradjevinsko-zemljiste/66368655b390f6111c0ef6d4,"Građevinsko zemljište na prodaju, Krajiška 1, 37.130€, 10a - 4zida",2024-05-18
49,https://www.4zida.rs/prodaja-placeva/cenej-okolne-lokacije-novi-sad/gradjevinsko-zemljiste/6630a1240d69c2609c084064,"Građevinsko zemljište na prodaju, Međunarodni put, 71.080€, 38a - 4zida",2024-05-18
50,https://www.4zida.rs/prodaja-placeva/vrmdza-okolne-lokacije-sokobanja/gradjevinsko-zemljiste/65cc8c018adf6260b5031826,"Građevinsko zemljište na prodaju, VRMDŽA, 15.000€, 37a - 4zida",2024-05-18
51,https://www.4zida.rs/prodaja-placeva/knic-okolne-lokacije-knic/gradjevinsko-zemljiste/6630f00a277839f20804141a,"Građevinsko zemljište na prodaju, Knić, 11.100€, 55a - 4zida",2024-05-18
52,https://www.4zida.rs/prodaja-placeva/ripanj-vozdovac-opstina-beograd/gradjevinsko-zemljiste/65fc9a2c41b7b894390677e7,"Građevinsko zemljište na prodaju, Ripanj, 15.000€, 7a - 4zida",2024-05-18
53,https://www.4zida.rs/prodaja-placeva/gradske-lokacije-vrnjacka-banja/gradjevinsko-zemljiste/663a0ca6553ec71f4c050a8a,"Građevinsko zemljište na prodaju, Gradske lokacije, 1.500€, 6a - 4zida",2024-05-18
54,https://www.4zida.rs/prodaja-placeva/petrovac-gradske-lokacije-kragujevac/gradjevinsko-zemljiste/6648810a1cbaee87860fc774,"Građevinsko zemljište na prodaju, Petra Dobrovića, 125.000€, 25a - 4zida",2024-05-18
55,https://www.4zida.rs/prodaja-placeva/lepaja-okolne-lokacije-merosina/gradjevinsko-zemljiste/65c60b05db89f78e29024a8f,"Građevinsko zemljište na prodaju, Merošina, 15.000€, 70a - 4zida",2024-05-18
56,https://www.4zida.rs/prodaja-placeva/resnik-okolne-lokacije-kragujevac/gradjevinsko-zemljiste/65eee8919c00d3f21806c2e9,"Građevinsko zemljište na prodaju, Vikendaška, 9.000€, 20a - 4zida",2024-05-18
57,https://www.4zida.rs/prodaja-placeva/crepaja-okolne-lokacije-kovacica/gradjevinsko-zemljiste/66433092ea65be34930d5ac0,"Građevinsko zemljište na prodaju, Crepaja, 10.000€, 6a - 4zida",2024-05-18
58,https://www.4zida.rs/prodaja-placeva/avala-beli-potok-vozdovac-opstina-beograd/gradjevinsko-zemljiste/65f46377a0dc8de642091190,"Građevinsko zemljište na prodaju, Avalska, 93.909€, 40a - 4zida",2024-05-18
59,https://www.4zida.rs/prodaja-placeva/badovinci-okolne-lokacije-bogatic/gradjevinsko-zemljiste/66327a98429fd7c82a08dd93,"Građevinsko zemljište na prodaju, Badovinci, 50.000€, 21a - 4zida",2024-05-18
60,https://www.4zida.rs/prodaja-placeva/gradske-lokacije-vrnjacka-banja/gradjevinsko-zemljiste/66487e468b33d8ae7c076f66,"Građevinsko zemljište na prodaju, Gradske lokacije, 16.000€, 15a - 4zida",2024-05-18
61,https://www.4zida.rs/prodaja-placeva/gradske-lokacije-irig/gradjevinsko-zemljiste/66462644d6bb397d5a0885b7,"Građevinsko zemljište na prodaju, Gradske lokacije, 180.000€, 90a - 4zida",2024-05-18
62,https://www.4zida.rs/prodaja-placeva/rudnik-okolne-lokacije-gornji-milanovac/gradjevinsko-zemljiste/645b4a50f152caba8e01844b,"Građevinsko zemljište na prodaju, Rudnik, 15.000€, 50a - 4zida",2024-05-18
63,https://www.4zida.rs/prodaja-placeva/ripanj-vozdovac-opstina-beograd/gradjevinsko-zemljiste/664357347abe9395470beb18,"Građevinsko zemljište na prodaju, Ripanj, 55.000€, 228a - 4zida",2024-05-18
64,https://www.4zida.rs/prodaja-placeva/male-pcelice-gradske-lokacije-kragujevac/gradjevinsko-zemljiste/65cb338dce96f63b4d07ed45,"Građevinsko zemljište na prodaju, Dr Đorđa Mitrovića, 11.000€, 8a - 4zida",2024-05-18
65,https://www.4zida.rs/prodaja-placeva/zemun-zemun-opstina-beograd/gradjevinsko-zemljiste/65d88a397654da3b03029918,"Građevinsko zemljište na prodaju, Zemun, 140€, 170a - 4zida",2024-05-18
66,https://www.4zida.rs/prodaja-placeva/jarcujak-gradske-lokacije-kraljevo/gradjevinsko-zemljiste/64808b4d5a65ffd53105f56b,"Građevinsko zemljište na prodaju, Jarcujak, 13.000€, 5a - 4zida",2024-05-18
67,https://www.4zida.rs/prodaja-placeva/selters-banja-mladenovac-opstina-beograd/gradjevinsko-zemljiste/663e18e7ff337cbc39096c05,"Građevinsko zemljište na prodaju, Mileve Marić, 22.500€, 5a - 4zida",2024-05-18
68,https://www.4zida.rs/prodaja-placeva/nova-pazova-okolne-lokacije-stara-pazova/gradjevinsko-zemljiste/65c12bdf55642174450279e8,"Građevinsko zemljište na prodaju, Majora Gorana Savica 4, 1€, 5a - 4zida",2024-05-18
69,https://www.4zida.rs/prodaja-placeva/ropocevo-sopot-opstina-beograd/gradjevinsko-zemljiste/66041877188a6194450ae404,"Građevinsko zemljište na prodaju, Ropočevo, 14.750€, 16a - 4zida",2024-05-18
70,https://www.4zida.rs/prodaja-placeva/skrobara-gradske-lokacije-pancevo/gradjevinsko-zemljiste/664235bb5c54d2ecfb0f10a3,"Građevinsko zemljište na prodaju, Pančevo Skrobara Severna zona Nova 4, 42.000€, 42a - 4zida",2024-05-18
71,https://www.4zida.rs/prodaja-placeva/stulac-okolne-lokacije-vrnjacka-banja/gradjevinsko-zemljiste/663b754bdc6b44baac01b695,"Građevinsko zemljište na prodaju, Štulac, 25.000€, 26a - 4zida",2024-05-18
72,https://www.4zida.rs/prodaja-placeva/vrcin-grocka-opstina-beograd/gradjevinsko-zemljiste/65ae4585d6d821cee00eb50c,"Građevinsko zemljište na prodaju, Vrčin, 16.250€, 16a - 4zida",2024-05-18
73,https://www.4zida.rs/prodaja-placeva/belotinac-okolne-lokacije-doljevac/gradjevinsko-zemljiste/6645f98fc98474960109b10e,"Građevinsko zemljište na prodaju, Belotinac, 11.700€, 18a - 4zida",2024-05-18
74,https://www.4zida.rs/prodaja-placeva/tomasevac-okolne-lokacije-zrenjanin/gradjevinsko-zemljiste/65a52737c3eb8e617d049730,"Građevinsko zemljište na prodaju, Tomaševac, 12.000€, 12a - 4zida",2024-05-18
75,https://www.4zida.rs/prodaja-placeva/kosmaj-sopot-opstina-beograd/gradjevinsko-zemljiste/664226cfbf9e68674607ada5,"Građevinsko zemljište na prodaju, Kosmaj, 770.000€, 550a - 4zida",2024-05-18
76,https://www.4zida.rs/prodaja-placeva/kosmaj-sopot-opstina-beograd/gradjevinsko-zemljiste/6642210b027208c8a40dae05,"Građevinsko zemljište na prodaju, Kosmaj, 288.000€, 160a - 4zida",2024-05-18
77,https://www.4zida.rs/prodaja-placeva/jezava-gradske-lokacije-knjazevac/gradjevinsko-zemljiste/65b239d0a3a667922f0bd24f,"Građevinsko zemljište na prodaju, Crni vrh, 6.000€, 7a - 4zida",2024-05-18
78,https://www.4zida.rs/prodaja-placeva/gradac-gradske-lokacije-valjevo/gradjevinsko-zemljiste/6640c3e176010b9e0d0f1986,"Građevinsko zemljište na prodaju, Olge Pirgić 24G, 7.830€, 5a - 4zida",2024-05-18
79,https://www.4zida.rs/prodaja-placeva/beljina-barajevo-opstina-beograd/gradjevinsko-zemljiste/65f2d8a2ce11737c8b014ce9,"Građevinsko zemljište na prodaju, Livadska, 10.000€, 9a - 4zida",2024-05-18
80,https://www.4zida.rs/prodaja-placeva/prosek-okolne-lokacije-nis/gradjevinsko-zemljiste/64ec666af1a75dd5980e07a8,"Građevinsko zemljište na prodaju, Prosek, 15.000€, 16a - 4zida",2024-05-18
81,https://www.4zida.rs/prodaja-placeva/surcin-surcin-opstina-beograd/gradjevinsko-zemljiste/6638b4250ad1eaf4a9017cce,"Građevinsko zemljište na prodaju, Surčin, 1.700.000€, 20a - 4zida",2024-05-18
82,https://www.4zida.rs/prodaja-placeva/alibegovac-petrovaradin-gradske-lokacije-novi-sad/gradjevinsko-zemljiste/6645f784c8210f7b0a0793e6,"Građevinsko zemljište na prodaju, Alibegovac, 190.000€, 34a - 4zida",2024-05-18
83,https://www.4zida.rs/prodaja-placeva/sumarice-gradske-lokacije-kragujevac/gradjevinsko-zemljiste/662fbd019bc6f3dc12058b82,"Građevinsko zemljište na prodaju, Šumarice, 51.500€, 33a - 4zida",2024-05-18
84,https://www.4zida.rs/prodaja-placeva/podbara-gradske-lokacije-novi-sad/gradjevinsko-zemljiste/662f692762e73a70880f7684,"Građevinsko zemljište na prodaju, Podbara, 226.600€, 509a - 4zida",2024-05-18
85,https://www.4zida.rs/prodaja-placeva/cortanovci-okolne-lokacije-indjija/gradjevinsko-zemljiste/664601b61156549931050645,"Građevinsko zemljište na prodaju, Čortanovci, 48.400€, 31a - 4zida",2024-05-18
86,https://www.4zida.rs/prodaja-placeva/salaksije-rakovac-okolne-lokacije-beocin/gradjevinsko-zemljiste/663c822e984699c8320dcd76,"Građevinsko zemljište na prodaju, Kovos Bb, 49.999€, 7a - 4zida",2024-05-18
87,https://www.4zida.rs/prodaja-placeva/makova-sedmica-gradske-lokacije-subotica/gradjevinsko-zemljiste/664606b810b0b9b093095950,"Građevinsko zemljište na prodaju, Makova Sedmica, 8.500€, 13a - 4zida",2024-05-18
88,https://www.4zida.rs/prodaja-placeva/ripanj-vozdovac-opstina-beograd/gradjevinsko-zemljiste/663ce0d8404620fea20e4e32,"Građevinsko zemljište na prodaju, Pećine, 50.000€, 55a - 4zida",2024-05-18
89,https://www.4zida.rs/prodaja-placeva/makova-sedmica-gradske-lokacije-subotica/gradjevinsko-zemljiste/65e5a1ca322817144e0d3b2d,"Građevinsko zemljište na prodaju, Titogradska, 10.000€, 12a - 4zida",2024-05-18
90,https://www.4zida.rs/prodaja-placeva/karlovcic-okolne-lokacije-pecinci/gradjevinsko-zemljiste/662f481172ed659ee60d8767,"Građevinsko zemljište na prodaju, Paćanovačka, 15.000€, 13a - 4zida",2024-05-18
91,https://www.4zida.rs/prodaja-placeva/vucak-okolne-lokacije-smederevo/gradjevinsko-zemljiste/656fb872e6bfc5ff2c0a00f7,"Građevinsko zemljište na prodaju, Vučak, 15.000€, 21a - 4zida",2024-05-18
92,https://www.4zida.rs/prodaja-placeva/futog-okolne-lokacije-novi-sad/gradjevinsko-zemljiste/66460fa20e5ef0c8d50dc1f3,"Građevinsko zemljište na prodaju, Futog, 329.600€, 64a - 4zida",2024-05-18
93,https://www.4zida.rs/prodaja-placeva/ravni-do-okolne-lokacije-nis/gradjevinsko-zemljiste/64d216bdd6feae4fa501bdd5,"Građevinsko zemljište na prodaju, Avalska, 7.000€, 34a - 4zida",2024-05-18
94,https://www.4zida.rs/prodaja-placeva/kravlje-okolne-lokacije-nis/gradjevinsko-zemljiste/64edc619af347536bf0e4b9a,"Građevinsko zemljište na prodaju, Čamurlijska, 8.000€, 91a - 4zida",2024-05-18
95,https://www.4zida.rs/prodaja-placeva/bajmok-okolne-lokacije-subotica/gradjevinsko-zemljiste/65f20ef875f61fd4dc0dca66,"Građevinsko zemljište na prodaju, Luke Vukalovića 29, 200€, 100a - 4zida",2024-05-18
96,https://www.4zida.rs/prodaja-placeva/aradac-okolne-lokacije-zrenjanin/gradjevinsko-zemljiste/663b0f38119f1f5eba0c99b2,"Građevinsko zemljište na prodaju, Aradac, 27.000€, 15a - 4zida",2024-05-18
97,https://www.4zida.rs/prodaja-placeva/perlez-okolne-lokacije-zrenjanin/gradjevinsko-zemljiste/6639f9a07b2ad987a0055d54,"Građevinsko zemljište na prodaju, Perlez, 10.000€, 8a - 4zida",2024-05-18
98,https://www.4zida.rs/prodaja-placeva/gradske-lokacije-velika-plana/gradjevinsko-zemljiste/6574e3c06042521a390270bf,"Građevinsko zemljište na prodaju, Đurakovac, 17.500€, 16a - 4zida",2024-05-18
99,https://www.4zida.rs/prodaja-placeva/pescara-gradske-lokacije-subotica/gradjevinsko-zemljiste/651c5c620607a9a76c06dda8,"Građevinsko zemljište na prodaju, Peščara, 12.000€, 37a - 4zida",2024-05-18
100,https://www.4zida.rs/prodaja-placeva/makova-sedmica-gradske-lokacije-subotica/gradjevinsko-zemljiste/64b079bf99749de57a0b05b6,"Građevinsko zemljište na prodaju, Graničarska, 16.000€, 9a - 4zida",2024-05-18
101,https://www.4zida.rs/prodaja-placeva/batajnica-zemun-opstina-beograd/gradjevinsko-zemljiste/65f02831cde406af530991d4,"Građevinsko zemljište na prodaju, Batajnica, 10€, 5a - 4zida",2024-05-18
102,https://www.4zida.rs/prodaja-placeva/cerovac-okolne-lokacije-kragujevac/gradjevinsko-zemljiste/6648810a1cbaee87860fc771,"Građevinsko zemljište na prodaju, Cerovac, 165.000€, 163a - 4zida",2024-05-18
103,https://www.4zida.rs/prodaja-placeva/gradske-lokacije-ljig/gradjevinsko-zemljiste/655cdb0c9618fa4c390d28c3,"Građevinsko zemljište na prodaju, Vojvode Mišića, 14.000€, 10a - 4zida",2024-05-18
104,https://www.4zida.rs/prodaja-placeva/mislodjin-obrenovac-opstina-beograd/gradjevinsko-zemljiste/6633792a193cccc19f0a3b04,"Građevinsko zemljište na prodaju, Pored Kolubare, 8.500€, 32a - 4zida",2024-05-18
105,https://www.4zida.rs/prodaja-placeva/donje-vlase-okolne-lokacije-nis/gradjevinsko-zemljiste/6554e377644698ffce022dad,"Građevinsko zemljište na prodaju, Donje Vlase, 8.500€, 4a - 4zida",2024-05-18
106,https://www.4zida.rs/prodaja-placeva/simanovci-okolne-lokacije-pecinci/gradjevinsko-zemljiste/6630eadf11dbe64f9001fbde,"Građevinsko zemljište na prodaju, Potes Begluk, 70.000€, 69a - 4zida",2024-05-18
107,https://www.4zida.rs/prodaja-placeva/paragovo-sremska-kamenica-gradske-lokacije-novi-sad/gradjevinsko-zemljiste/6634dcbdd651c93341021483,"Građevinsko zemljište na prodaju, Paragovo, 82.400€, 8a - 4zida",2024-05-18
108,https://www.4zida.rs/prodaja-placeva/ripanj-vozdovac-opstina-beograd/gradjevinsko-zemljiste/66434a18804ad54b00026cda,"Građevinsko zemljište na prodaju, Put za Žuti breg, 22.000€, 50a - 4zida",2024-05-18
109,https://www.4zida.rs/prodaja-placeva/palilula-gradske-lokacije-nis/gradjevinsko-zemljiste/6645ead38981a32a1f01cdc4,"Građevinsko zemljište na prodaju, Palilula, 24.000€, 4a - 4zida",2024-05-18
110,https://www.4zida.rs/prodaja-placeva/nova-pazova-okolne-lokacije-stara-pazova/gradjevinsko-zemljiste/661eba438399c5e1d5064575,"Građevinsko zemljište na prodaju, Majora Gavrilovića 38, 86.000€, 7a - 4zida",2024-05-18
111,https://www.4zida.rs/prodaja-placeva/pantelej-gradske-lokacije-nis/gradjevinsko-zemljiste/6645f995c98474960109b11a,"Građevinsko zemljište na prodaju, Gornjoadrovačka, 45.000€, 2a - 4zida",2024-05-18
112,https://www.4zida.rs/prodaja-placeva/rudjinci-okolne-lokacije-vrnjacka-banja/gradjevinsko-zemljiste/6579d023a33aa6e0180906ad,"Građevinsko zemljište na prodaju, Ruđinci, 7.500€, 7a - 4zida",2024-05-18
113,https://www.4zida.rs/prodaja-placeva/gradske-lokacije-opovo/gradjevinsko-zemljiste/65f1632b160b4d1fe1012815,"Građevinsko zemljište na prodaju, Branka Radicevica 11v, 19.800€, 6a - 4zida",2024-05-18
114,https://www.4zida.rs/prodaja-placeva/belotinac-okolne-lokacije-doljevac/gradjevinsko-zemljiste/6645f8abc98474960109af73,"Građevinsko zemljište na prodaju, Belotinac, 11.700€, 18a - 4zida",2024-05-18
115,https://www.4zida.rs/prodaja-placeva/nemenikuce-sopot-opstina-beograd/gradjevinsko-zemljiste/664372ce207112076e01c593,"Građevinsko zemljište na prodaju, Nemenikuće, 50.250€, 33a - 4zida",2024-05-18
116,https://www.4zida.rs/prodaja-placeva/simanovci-okolne-lokacije-pecinci/gradjevinsko-zemljiste/6630e7cc11dbe64f9001fbda,"Građevinsko zemljište na prodaju, Potes Tapavica, 240.700€, 126a - 4zida",2024-05-18
117,https://www.4zida.rs/prodaja-placeva/zeljeznicko-naselje-gradske-lokacije-subotica/gradjevinsko-zemljiste/65f833c3de5d2bb4ea015184,"Građevinsko zemljište na prodaju, Željezničko Naselje, 10.500€, 5a - 4zida",2024-05-18
118,https://www.4zida.rs/prodaja-placeva/vranic-barajevo-opstina-beograd/gradjevinsko-zemljiste/655b8af296f3daf16800dcc0,"Građevinsko zemljište na prodaju, Hajduk Veljkova, 10.000€, 10a - 4zida",2024-05-18
119,https://www.4zida.rs/prodaja-placeva/sopot-sopot-opstina-beograd/gradjevinsko-zemljiste/66042d9ae01dd6670306dc55,"Građevinsko zemljište na prodaju, Sopot, 19.500€, 10a - 4zida",2024-05-18
120,https://www.4zida.rs/prodaja-placeva/pantelej-gradske-lokacije-nis/gradjevinsko-zemljiste/6645fb31c98474960109b290,"Građevinsko zemljište na prodaju, Gornjoadrovačka, 45.000€, 2a - 4zida",2024-05-18
121,https://www.4zida.rs/prodaja-placeva/vrtiste-okolne-lokacije-nis/gradjevinsko-zemljiste/662bba3a517a30a35605c20a,"Građevinsko zemljište na prodaju, Vrtište, 14.000€, 7a - 4zida",2024-05-18
122,https://www.4zida.rs/prodaja-placeva/gradske-lokacije-irig/gradjevinsko-zemljiste/6644b4f9bfd64378c9028e8b,"Građevinsko zemljište na prodaju, Gradske lokacije, 550.000€, 130a - 4zida",2024-05-18
123,https://www.4zida.rs/prodaja-placeva/aleksandrovo-gradske-lokacije-subotica/gradjevinsko-zemljiste/638221a0e7d5114d7d011166,"Građevinsko zemljište na prodaju, Juraja Arnolda, 14.000€, 5a - 4zida",2024-05-18
124,https://www.4zida.rs/prodaja-placeva/kamenica-okolne-lokacije-nis/gradjevinsko-zemljiste/659e609df5dc2bff5a042b17,"Građevinsko zemljište na prodaju, Borska, 19.000€, 7a - 4zida",2024-05-18
125,https://www.4zida.rs/prodaja-placeva/ripanj-vozdovac-opstina-beograd/gradjevinsko-zemljiste/66432228a3373c3df00db08a,"Građevinsko zemljište na prodaju, Velika ramaća, 63.000€, 300a - 4zida",2024-05-18
126,https://www.4zida.rs/prodaja-placeva/crveni-pevac-medijana-gradske-lokacije-nis/gradjevinsko-zemljiste/6645f8c0c98474960109afd6,"Građevinsko zemljište na prodaju, Vojvode Mišića, 312.000€, 2a - 4zida",2024-05-18
127,https://www.4zida.rs/prodaja-placeva/trbusani-okolne-lokacije-cacak/gradjevinsko-zemljiste/65f84a14fbe6c17ee500bcdc,"Građevinsko zemljište na prodaju, Glavni put, 14.680€, 7a - 4zida",2024-05-18
128,https://www.4zida.rs/prodaja-placeva/miljakovac-rakovica-opstina-beograd/gradjevinsko-zemljiste/661a6d090f6b939de9033a85,"Građevinsko zemljište na prodaju, Avrama Levića, 60.000€, 9a - 4zida",2024-05-18
129,https://www.4zida.rs/prodaja-placeva/donji-dusnik-okolne-lokacije-gadzin-han/gradjevinsko-zemljiste/64e8c658f7b695addf092c93,"Građevinsko zemljište na prodaju, Donji Dušnik, 8.500€, 16a - 4zida",2024-05-18
130,https://www.4zida.rs/prodaja-placeva/paragovo-sremska-kamenica-gradske-lokacije-novi-sad/gradjevinsko-zemljiste/64bce56834bd25a7d108ed55,"Građevinsko zemljište na prodaju, Plandište, 62.000€, 5a - 4zida",2024-05-18
131,https://www.4zida.rs/prodaja-placeva/belotinac-okolne-lokacije-doljevac/gradjevinsko-zemljiste/6645fb2cc98474960109b284,"Građevinsko zemljište na prodaju, Belotinac, 11.700€, 18a - 4zida",2024-05-18
132,https://www.4zida.rs/prodaja-placeva/alibegovac-petrovaradin-gradske-lokacije-novi-sad/gradjevinsko-zemljiste/664650930944a692cb046fc3,"Građevinsko zemljište na prodaju, alibegovac, 108.000€, 12a - 4zida",2024-05-18
133,https://www.4zida.rs/prodaja-placeva/vojlovica-gradske-lokacije-pancevo/gradjevinsko-zemljiste/6645d68289174a5bd50ff368,"Građevinsko zemljište na prodaju, Vojlovica, 25.000€, 5a - 4zida",2024-05-18
134,https://www.4zida.rs/prodaja-placeva/ecka-okolne-lokacije-zrenjanin/gradjevinsko-zemljiste/65706c2e503897469c0f9ebb,"Građevinsko zemljište na prodaju, Ečka, 15.000€, 8a - 4zida",2024-05-18
135,https://www.4zida.rs/prodaja-placeva/veternik-gradske-lokacije-novi-sad/gradjevinsko-zemljiste/6639f2fa9a95fb17df0a4016,"Građevinsko zemljište na prodaju, Veternik, 80.340€, 400a - 4zida",2024-05-18
136,https://www.4zida.rs/prodaja-placeva/gradske-lokacije-pecinci/gradjevinsko-zemljiste/66473d40db3d4f557808f7a6,"Građevinsko zemljište na prodaju, potes Rupetine, 58.000€, 57a - 4zida",2024-05-18
137,https://www.4zida.rs/prodaja-placeva/bajmok-okolne-lokacije-subotica/gradjevinsko-zemljiste/65c60f22db89f78e29024b5c,"Građevinsko zemljište na prodaju, Luke Vukajlovića, 15.858€, 72a - 4zida",2024-05-18
138,https://www.4zida.rs/prodaja-placeva/futog-okolne-lokacije-novi-sad/gradjevinsko-zemljiste/6644d1459a8bda0d2c089224,"Građevinsko zemljište na prodaju, Futog, 40.170€, 4a - 4zida",2024-05-18
139,https://www.4zida.rs/prodaja-placeva/veternik-gradske-lokacije-novi-sad/gradjevinsko-zemljiste/6633a40bbe97d3836a047986,"Građevinsko zemljište na prodaju, Donska Bb, 130.000€, 4a - 4zida",2024-05-18
140,https://www.4zida.rs/prodaja-placeva/veternicka-rampa-veternik-gradske-lokacije-novi-sad/gradjevinsko-zemljiste/6634cb32ac588d078f061508,"Građevinsko zemljište na prodaju, lipov gaj, 53.500€, 447a - 4zida",2024-05-18
141,https://www.4zida.rs/prodaja-placeva/medijana-gradske-lokacije-nis/gradjevinsko-zemljiste/65cc98e4049f34fea203281d,"Građevinsko zemljište na prodaju, Medijana, 20€, 209a - 4zida",2024-05-18
142,https://www.4zida.rs/prodaja-placeva/modrica-okolne-lokacije-krusevac/gradjevinsko-zemljiste/65a29acbfca8aba8bf03c2fa,"Građevinsko zemljište na prodaju, MODRICKA, 18.500€, 35a - 4zida",2024-05-18
143,https://www.4zida.rs/prodaja-placeva/medijana-gradske-lokacije-nis/gradjevinsko-zemljiste/65ef0a4d52a573e4000abd4a,"Građevinsko zemljište na prodaju, Medijana, 1€, 6a - 4zida",2024-05-18
144,https://www.4zida.rs/prodaja-placeva/nemenikuce-sopot-opstina-beograd/gradjevinsko-zemljiste/65fd7985de48ae65610e81e1,"Građevinsko zemljište na prodaju, Nemenikuće, 18.000€, 12a - 4zida",2024-05-18
145,https://www.4zida.rs/prodaja-placeva/dudova-suma-gradske-lokacije-subotica/gradjevinsko-zemljiste/662fa45aa577bb493f0f461b,"Građevinsko zemljište na prodaju, Dudova Šuma, 376.000€, 37a - 4zida",2024-05-18
146,https://www.4zida.rs/prodaja-placeva/zorka-gradske-lokacije-subotica/gradjevinsko-zemljiste/663e3b5767d7b765d7019c17,"Građevinsko zemljište na prodaju, Zorka, 550.000€, 2387a - 4zida",2024-05-18
147,https://www.4zida.rs/prodaja-placeva/radusa-okolne-lokacije-ub/gradjevinsko-zemljiste/655fe7993b53d8760302748e,"Građevinsko zemljište na prodaju, Raduša, 12.000€, 35a - 4zida",2024-05-18
148,https://www.4zida.rs/prodaja-placeva/rogaca-sopot-opstina-beograd/gradjevinsko-zemljiste/664372ce207112076e01c586,"Građevinsko zemljište na prodaju, Rogača, 29.900€, 23a - 4zida",2024-05-18
149,https://www.4zida.rs/prodaja-placeva/gradske-lokacije-merosina/gradjevinsko-zemljiste/64e758cb82356556ac049793,"Građevinsko zemljište na prodaju, Mramorski potok, 9.000€, 8a - 4zida",2024-05-18
150,https://www.4zida.rs/prodaja-placeva/kosmaj-sopot-opstina-beograd/gradjevinsko-zemljiste/664229a307822875d60b6694,"Građevinsko zemljište na prodaju, Kosmaj, 46.159€, 26a - 4zida",2024-05-18
151,https://www.4zida.rs/prodaja-placeva/okolne-lokacije-irig/gradjevinsko-zemljiste/6644da10b42b2916d70f1c67,"Građevinsko zemljište na prodaju, Okolne lokacije, 130.000€, 66a - 4zida",2024-05-18
152,https://www.4zida.rs/prodaja-placeva/gornji-grad-zemun-zemun-opstina-beograd/gradjevinsko-zemljiste/66435ac3db68f758d30a6d07,"Građevinsko zemljište na prodaju, GORNJI GRAD, 240.000€, 8a - 4zida",2024-05-18
153,https://www.4zida.rs/prodaja-placeva/krnjaca-palilula-opstina-beograd/gradjevinsko-zemljiste/663d2eaa584870083308cbc3,"Građevinsko zemljište na prodaju, Igora Vasiljeva, 1.000.000€, 188a - 4zida",2024-05-18
154,https://www.4zida.rs/prodaja-placeva/rumenka-okolne-lokacije-novi-sad/gradjevinsko-zemljiste/6644789d176d21069d02b666,"Građevinsko zemljište na prodaju, Rumenka, 38.110€, 4a - 4zida",2024-05-18
155,https://www.4zida.rs/prodaja-placeva/progar-surcin-opstina-beograd/gradjevinsko-zemljiste/6645b40633e209bc5b0464f2,"Građevinsko zemljište na prodaju, Progar, 79.000€, 24a - 4zida",2024-05-18
156,https://www.4zida.rs/prodaja-placeva/rogaca-sopot-opstina-beograd/gradjevinsko-zemljiste/664372ce207112076e01c589,"Građevinsko zemljište na prodaju, Rogača, 59.400€, 66a - 4zida",2024-05-18
157,https://www.4zida.rs/prodaja-placeva/makova-sedmica-gradske-lokacije-subotica/gradjevinsko-zemljiste/664463134f28f1b5c10bc068,"Građevinsko zemljište na prodaju, Makova Sedmica, 85.000€, 46929a - 4zida",2024-05-18
158,https://www.4zida.rs/prodaja-placeva/zitkovac-okolne-lokacije-aleksinac/gradjevinsko-zemljiste/6532547b8fa711828a0c96d5,"Građevinsko zemljište na prodaju, Žitkovac, 13.900€, 6a - 4zida",2024-05-18
159,https://www.4zida.rs/prodaja-placeva/ravni-gaj-barajevo-barajevo-opstina-beograd/gradjevinsko-zemljiste/65d54f3f16b9167bd40e021c,"Građevinsko zemljište na prodaju, Ravni Gaj, 10.900€, 9a - 4zida",2024-05-18
160,https://www.4zida.rs/prodaja-placeva/gradske-lokacije-zlatibor/gradjevinsko-zemljiste/6614edb2bea1c2ae8c0505a5,"Građevinsko zemljište na prodaju, Gradske lokacije, 2.500.000€, 50a - 4zida",2024-05-18
161,https://www.4zida.rs/prodaja-placeva/glumcevo-brdo-barajevo-barajevo-opstina-beograd/gradjevinsko-zemljiste/662bc5102040fa5db709f930,"Građevinsko zemljište na prodaju, Glumčevo brdo, 120.000€, 32a - 4zida",2024-05-18
162,https://www.4zida.rs/prodaja-placeva/ripanj-vozdovac-opstina-beograd/gradjevinsko-zemljiste/65e71131901addb9720d3031,"Građevinsko zemljište na prodaju, Srednji Prnjavor, 2.000€, 15a - 4zida",2024-05-18
163,https://www.4zida.rs/prodaja-placeva/rumenka-okolne-lokacije-novi-sad/gradjevinsko-zemljiste/662cc8804b7970f00604a77a,"Građevinsko zemljište na prodaju, Rumenka, 44.290€, 4a - 4zida",2024-05-18
164,https://www.4zida.rs/prodaja-placeva/gradske-lokacije-becej/gradjevinsko-zemljiste/66424f5c5ca3fba1630eb2f5,"Građevinsko zemljište na prodaju, Matije Gupca 21, prilaz iz Stevana Kojića, 9.800€, 2a - 4zida",2024-05-18
165,https://www.4zida.rs/prodaja-placeva/zminjak-okolne-lokacije-sabac/gradjevinsko-zemljiste/663279a2d6586b232e03aea3,"Građevinsko zemljište na prodaju, knez mihailova, 36.000€, 36a - 4zida",2024-05-18
166,https://www.4zida.rs/prodaja-placeva/palilula-gradske-lokacije-nis/gradjevinsko-zemljiste/65d67a347253c2b67a0ef992,"Građevinsko zemljište na prodaju, Palilula, 18.000€, 14a - 4zida",2024-05-18
167,https://www.4zida.rs/prodaja-placeva/gradske-lokacije-bogatic/gradjevinsko-zemljiste/66327baaccbb0efc590577a4,"Građevinsko zemljište na prodaju, Gradske lokacije, 1€, 173a - 4zida",2024-05-18
168,https://www.4zida.rs/prodaja-placeva/aleksandrovo-gradske-lokacije-subotica/gradjevinsko-zemljiste/5a462818adb1146a2a536d2d,"Građevinsko zemljište na prodaju, Starine Novaka bb, 146.000€, 84a - 4zida",2024-05-18
169,https://www.4zida.rs/prodaja-placeva/sopot-sopot-opstina-beograd/gradjevinsko-zemljiste/664779ef767af5fe7d00e245,"Građevinsko zemljište na prodaju, Sedmog jula, 200.000€, 33a - 4zida",2024-05-18
170,https://www.4zida.rs/prodaja-placeva/sakotinac-okolne-lokacije-beocin/gradjevinsko-zemljiste/6638a6c16a958bc6d7021c83,"Građevinsko zemljište na prodaju, Gornji Šakotinac, 22.280€, 7a - 4zida",2024-05-18
171,https://www.4zida.rs/prodaja-placeva/pantelej-gradske-lokacije-nis/gradjevinsko-zemljiste/6645f998c98474960109b129,"Građevinsko zemljište na prodaju, Petra Božovića, 41.500€, 16a - 4zida",2024-05-18
172,https://www.4zida.rs/prodaja-placeva/muzljanska-kolonija-gradske-lokacije-zrenjanin/gradjevinsko-zemljiste/65f97519cf90c7b85c08eb54,"Građevinsko zemljište na prodaju, Korvin Ota, 15.000€, 4a - 4zida",2024-05-18
173,https://www.4zida.rs/prodaja-placeva/cerat-okolne-lokacije-sremski-karlovci/gradjevinsko-zemljiste/662a5c43ed3444c1db083f35,"Građevinsko zemljište na prodaju, Čerat, 56.000€, 18a - 4zida",2024-05-18
174,https://www.4zida.rs/prodaja-placeva/jezava-gradske-lokacije-knjazevac/gradjevinsko-zemljiste/65b239d0a3a667922f0bd24c,"Građevinsko zemljište na prodaju, Crni vrh, 6.000€, 7a - 4zida",2024-05-18
175,https://www.4zida.rs/prodaja-placeva/tabanovic-okolne-lokacije-sabac/gradjevinsko-zemljiste/66421654e257f797ce075f59,"Građevinsko zemljište na prodaju, Tabanović, 26.000€, 60a - 4zida",2024-05-18
176,https://www.4zida.rs/prodaja-placeva/centar-gradske-lokacije-vrnjacka-banja/gradjevinsko-zemljiste/663dd94513b92480c30134d5,"Građevinsko zemljište na prodaju, Vidikovac, 24.000€, 5a - 4zida",2024-05-18
177,https://www.4zida.rs/prodaja-placeva/karaula-gradske-lokacije-pancevo/gradjevinsko-zemljiste/663ba38b5854f75a6d0ddff1,"Građevinsko zemljište na prodaju, Jabučki put, 19.000€, 8a - 4zida",2024-05-18
178,https://www.4zida.rs/prodaja-placeva/vinik-pantelej-gradske-lokacije-nis/gradjevinsko-zemljiste/657c10b29527ef436b0f554a,"Građevinsko zemljište na prodaju, Borska, 18.000€, 14a - 4zida",2024-05-18
179,https://www.4zida.rs/prodaja-placeva/kravlje-okolne-lokacije-nis/gradjevinsko-zemljiste/64edc618af347536bf0e4b97,"Građevinsko zemljište na prodaju, Čamurlijska, 8.000€, 39a - 4zida",2024-05-18
180,https://www.4zida.rs/prodaja-placeva/veliki-borak-barajevo-opstina-beograd/gradjevinsko-zemljiste/65d633bf59e4062db30872e6,"Građevinsko zemljište na prodaju, Srednjačka, 14.700€, 10a - 4zida",2024-05-18
181,https://www.4zida.rs/prodaja-placeva/vrcin-grocka-opstina-beograd/gradjevinsko-zemljiste/65ae4598d6d821cee00eb53f,"Građevinsko zemljište na prodaju, Vrčin podavalski deo, 17.460€, 17a - 4zida",2024-05-18
182,https://www.4zida.rs/prodaja-placeva/kisac-okolne-lokacije-novi-sad/gradjevinsko-zemljiste/663e02a0011625a2fb016cf4,"Građevinsko zemljište na prodaju, kisac, 16.980€, 410a - 4zida",2024-05-18
183,https://www.4zida.rs/prodaja-placeva/gradske-lokacije-bogatic/gradjevinsko-zemljiste/6647379472607b85da0a4f26,"Građevinsko zemljište na prodaju, Jahorina, Republika Srpska, 20.000€, 11a - 4zida",2024-05-18
184,https://www.4zida.rs/prodaja-placeva/gradske-lokacije-sremski-karlovci/gradjevinsko-zemljiste/664474a37588e43fb906839a,"Građevinsko zemljište na prodaju, Gradske lokacije, 61.800€, 37a - 4zida",2024-05-18
185,https://www.4zida.rs/prodaja-placeva/gradske-lokacije-kraljevo/gradjevinsko-zemljiste/6638a3c2966266092d08cb18,"Građevinsko zemljište na prodaju, Aerodromska, 357.700€, 73a - 4zida",2024-05-18
186,https://www.4zida.rs/prodaja-placeva/donje-vlase-okolne-lokacije-nis/gradjevinsko-zemljiste/6554e1b0644698ffce022d25,"Građevinsko zemljište na prodaju, Donje Vlase, 8.500€, 4a - 4zida",2024-05-18
187,https://www.4zida.rs/prodaja-placeva/9-maj-palilula-gradske-lokacije-nis/gradjevinsko-zemljiste/6644a93501a5acb8b40e77f3,"Građevinsko zemljište na prodaju, 9. Maj, 120.000€, 51a - 4zida",2024-05-18
188,https://www.4zida.rs/prodaja-placeva/ledinci-okolne-lokacije-novi-sad/gradjevinsko-zemljiste/66449ede63c9b332880608e5,"Građevinsko zemljište na prodaju, Ledinci, 87.550€, 9a - 4zida",2024-05-18
189,https://www.4zida.rs/prodaja-placeva/jezava-gradske-lokacije-knjazevac/gradjevinsko-zemljiste/65b2365c5634395e370992c5,"Građevinsko zemljište na prodaju, Crni vrh, 6.000€, 7a - 4zida",2024-05-18
190,https://www.4zida.rs/prodaja-placeva/koricani-gradske-lokacije-kragujevac/gradjevinsko-zemljiste/662f6babb7aafa9c16053888,"Građevinsko zemljište na prodaju, Komitska KP /270, 9.500€, 10a - 4zida",2024-05-18
191,https://www.4zida.rs/prodaja-placeva/ripanj-vozdovac-opstina-beograd/gradjevinsko-zemljiste/6601c01e2f87a06b9c047e98,"Građevinsko zemljište na prodaju, Put za Markovice, 1.750€, 65a - 4zida",2024-05-18
192,https://www.4zida.rs/prodaja-placeva/vrtiste-okolne-lokacije-nis/gradjevinsko-zemljiste/6511b3581e4822456800625f,"Građevinsko zemljište na prodaju, Vrtište, 9.000€, 7a - 4zida",2024-05-18
193,https://www.4zida.rs/prodaja-placeva/palic-okolne-lokacije-subotica/gradjevinsko-zemljiste/66430d6a79f197f33e05a553,"Građevinsko zemljište na prodaju, palic, 287.980€, 4a - 4zida",2024-05-18
194,https://www.4zida.rs/prodaja-placeva/kosmaj-mladenovac-opstina-beograd/gradjevinsko-zemljiste/663c0bbc2a22a5531209e7bb,"Građevinsko zemljište na prodaju, Kosmaj, 805.000€, 230a - 4zida",2024-05-18
195,https://www.4zida.rs/prodaja-placeva/vrdnik-okolne-lokacije-irig/gradjevinsko-zemljiste/664790389494dd261c08e396,"Građevinsko zemljište na prodaju, ssss, 159.650€, 77a - 4zida",2024-05-18
196,https://www.4zida.rs/prodaja-placeva/donje-vlase-okolne-lokacije-nis/gradjevinsko-zemljiste/6554e377644698ffce022db3,"Građevinsko zemljište na prodaju, Donje Vlase, 8.500€, 4a - 4zida",2024-05-18
197,https://www.4zida.rs/prodaja-placeva/srpski-sor-zorka-gradske-lokacije-subotica/gradjevinsko-zemljiste/66334f8ceb45935f62037751,"Građevinsko zemljište na prodaju, Srpski Šor, 6.500€, 9a - 4zida",2024-05-18
198,https://www.4zida.rs/prodaja-placeva/gradske-lokacije-zabalj/gradjevinsko-zemljiste/6643b9a9cf2abc13d208e970,"Građevinsko zemljište na prodaju, Nadaljski drum, 130.000€, 43a - 4zida",2024-05-18
199,https://www.4zida.rs/prodaja-placeva/jezava-gradske-lokacije-knjazevac/gradjevinsko-zemljiste/65b239cfa3a667922f0bd249,"Građevinsko zemljište na prodaju, Knjaza Miloša, 11.000€, 24a - 4zida",2024-05-18
200,https://www.4zida.rs/prodaja-placeva/oslusa-tara/gradjevinsko-zemljiste/663b5b6f9ac950e19d04e4e5,"Građevinsko zemljište na prodaju, 1 km od Vidikovca na Oslusi, 27.000€, 7a - 4zida",2024-05-18
201,https://www.4zida.rs/prodaja-placeva/velika-remeta-okolne-lokacije-irig/gradjevinsko-zemljiste/66434bb8a451be31d60d1d46,"Građevinsko zemljište na prodaju, Velika Remeta, 65.000€, 22a - 4zida",2024-05-18
202,https://www.4zida.rs/prodaja-placeva/sopot-sopot-opstina-beograd/gradjevinsko-zemljiste/664372ee73d480599f08db05,"Građevinsko zemljište na prodaju, Sopot, 17.000€, 10a - 4zida",2024-05-18
203,https://www.4zida.rs/prodaja-placeva/9-maj-palilula-gradske-lokacije-nis/gradjevinsko-zemljiste/64e8d4ae11cd8175f908670e,"Građevinsko zemljište na prodaju, Novo selo, 16.000€, 12a - 4zida",2024-05-18
204,https://www.4zida.rs/prodaja-placeva/jezava-gradske-lokacije-knjazevac/gradjevinsko-zemljiste/65b2365c5634395e370992bf,"Građevinsko zemljište na prodaju, Knjaza Miloša, 11.000€, 24a - 4zida",2024-05-18
205,https://www.4zida.rs/prodaja-placeva/donje-vlase-okolne-lokacije-nis/gradjevinsko-zemljiste/64f200e75718728e350e137a,"Građevinsko zemljište na prodaju, Donjovlaška, 15.000€, 20a - 4zida",2024-05-18
206,https://www.4zida.rs/prodaja-placeva/vrtiste-okolne-lokacije-nis/gradjevinsko-zemljiste/65119712998258c66f004fef,"Građevinsko zemljište na prodaju, Vrtište, 9.000€, 7a - 4zida",2024-05-18
207,https://www.4zida.rs/prodaja-placeva/novi-banovci-okolne-lokacije-stara-pazova/gradjevinsko-zemljiste/6544b6f8b6acba270e0c59ec,"Građevinsko zemljište na prodaju, Zemunska, 906.000€, 151a - 4zida",2024-05-18
208,https://www.4zida.rs/prodaja-placeva/mirijevo-zvezdara-opstina-beograd/gradjevinsko-zemljiste/662f7b7e68adfaad330e07ec,"Građevinsko zemljište na prodaju, Mirijevo, 720.000€, 48a - 4zida",2024-05-18
209,https://www.4zida.rs/prodaja-placeva/mali-radanovac-gradske-lokacije-subotica/gradjevinsko-zemljiste/66445068d7a9e34e2708c5b3,"Građevinsko zemljište na prodaju, Severna, 84.000€, 21a - 4zida",2024-05-18
210,https://www.4zida.rs/prodaja-placeva/majur-okolne-lokacije-sabac/gradjevinsko-zemljiste/65aaa108c631280a8707c388,"Građevinsko zemljište na prodaju, Majur, 17.000€, 10a - 4zida",2024-05-18
211,https://www.4zida.rs/prodaja-placeva/konarevo-gradske-lokacije-kraljevo/gradjevinsko-zemljiste/65e99c40feaaa32a8c0a8ec6,"Građevinsko zemljište na prodaju, Nema, 20.000€, 33a - 4zida",2024-05-18
212,https://www.4zida.rs/prodaja-placeva/dobanovci-surcin-opstina-beograd/gradjevinsko-zemljiste/664206e7d4b75a851a074fc4,"Građevinsko zemljište na prodaju, Dobanovci, 1.900.000€, 231a - 4zida",2024-05-18
213,https://www.4zida.rs/prodaja-placeva/stojnik-sopot-opstina-beograd/gradjevinsko-zemljiste/65faa21cc418ba72ee09b642,"Građevinsko zemljište na prodaju, Stojnik, 9.900€, 12a - 4zida",2024-05-18
214,https://www.4zida.rs/prodaja-placeva/lestane-grocka-opstina-beograd/gradjevinsko-zemljiste/65be27da14cb65edf10a4284,"Građevinsko zemljište na prodaju, Leštane, 8.000€, 5a - 4zida",2024-05-18
215,https://www.4zida.rs/prodaja-placeva/jezava-gradske-lokacije-knjazevac/gradjevinsko-zemljiste/65b234fb5634395e37099298,"Građevinsko zemljište na prodaju, Crni vrh, 6.000€, 7a - 4zida",2024-05-18
216,https://www.4zida.rs/prodaja-placeva/sajlovo-gradske-lokacije-novi-sad/gradjevinsko-zemljiste/65794b04c6deccf47a07ed7b,"Građevinsko zemljište na prodaju, Građevinski plac, 175.000€, 18a - 4zida",2024-05-18
217,https://www.4zida.rs/prodaja-placeva/sopot-sopot-opstina-beograd/gradjevinsko-zemljiste/663b87e821b27cd18708d366,"Građevinsko zemljište na prodaju, Sopot, 42.000€, 15a - 4zida",2024-05-18
218,https://www.4zida.rs/prodaja-placeva/kelebija-okolne-lokacije-subotica/gradjevinsko-zemljiste/66016eba46ec1373bb0317b1,"Građevinsko zemljište na prodaju, Kelebija, 2.300€, 7a - 4zida",2024-05-18
219,https://www.4zida.rs/prodaja-placeva/zorka-gradske-lokacije-subotica/gradjevinsko-zemljiste/5edcec829a3091775a4a6a44,"Građevinsko zemljište na prodaju, Zorka, 5.500€, 31a - 4zida",2024-05-18
220,https://www.4zida.rs/prodaja-placeva/dolovo-okolne-lokacije-pancevo/gradjevinsko-zemljiste/66424e0ef569fedaf608011c,"Građevinsko zemljište na prodaju, Dolovo, 60.000€, 49a - 4zida",2024-05-18
221,https://www.4zida.rs/prodaja-placeva/ilicevo-gradske-lokacije-kragujevac/gradjevinsko-zemljiste/6645f897c98474960109af34,"Građevinsko zemljište na prodaju, Viška, 73.000€, 73a - 4zida",2024-05-18
222,https://www.4zida.rs/prodaja-placeva/srpski-sor-zorka-gradske-lokacije-subotica/gradjevinsko-zemljiste/65c3678f576aeaf4420a5e65,"Građevinsko zemljište na prodaju, Srpski Šor, 16.000€, 4a - 4zida",2024-05-18
223,https://www.4zida.rs/prodaja-placeva/jalovik-okolne-lokacije-vladimirci/gradjevinsko-zemljiste/65d850e60f15773ddc08aac0,"Građevinsko zemljište na prodaju, Jalovik, 9.000€, 49a - 4zida",2024-05-18
224,https://www.4zida.rs/prodaja-placeva/ada-gradske-lokacije-uzice/gradjevinsko-zemljiste/652655ce333d1241f7059163,"Građevinsko zemljište na prodaju, Vrela bb, 12.000€, 4a - 4zida",2024-05-18
225,https://www.4zida.rs/prodaja-placeva/granice-mladenovac-opstina-beograd/gradjevinsko-zemljiste/62d95e65ab670fb3c105c4f0,"Građevinsko zemljište na prodaju, Granice, 18.000€, 30a - 4zida",2024-05-18
226,https://www.4zida.rs/prodaja-placeva/suncani-breg-rakovica-opstina-beograd/gradjevinsko-zemljiste/6638bb0aa0b749522a001464,"Građevinsko zemljište na prodaju, Sunčani Breg, 60.000€, 6a - 4zida",2024-05-18
227,https://www.4zida.rs/prodaja-placeva/banstol-vikend-naselje-okolne-lokacije-indjija/gradjevinsko-zemljiste/65f7dd23f5d863781e01a20e,"Građevinsko zemljište na prodaju, Srednji Breg, 11.900€, 10a - 4zida",2024-05-18
228,https://www.4zida.rs/prodaja-placeva/lepaja-okolne-lokacije-merosina/gradjevinsko-zemljiste/65c60993db89f78e29024a51,"Građevinsko zemljište na prodaju, Merošina, 15.000€, 70a - 4zida",2024-05-18
229,https://www.4zida.rs/prodaja-placeva/velika-mostanica-cukarica-opstina-beograd/gradjevinsko-zemljiste/66432389a3373c3df00db0ef,"Građevinsko zemljište na prodaju, Zelenčeva, 50.000€, 25a - 4zida",2024-05-18
230,https://www.4zida.rs/prodaja-placeva/centar-gradske-lokacije-smederevo/gradjevinsko-zemljiste/656fb873e6bfc5ff2c0a00fd,"Građevinsko zemljište na prodaju, Centar, 17.500€, 63a - 4zida",2024-05-18
231,https://www.4zida.rs/prodaja-placeva/jevremovac-okolne-lokacije-sabac/gradjevinsko-zemljiste/663f3448d01cde54a405ddb3,"Građevinsko zemljište na prodaju, Jevremovac, 29.900€, 28a - 4zida",2024-05-18
232,https://www.4zida.rs/prodaja-placeva/palilula-gradske-lokacije-nis/gradjevinsko-zemljiste/65e30c0ae585e13b9805255e,"Građevinsko zemljište na prodaju, Palilula, 13.000€, 16a - 4zida",2024-05-18
233,https://www.4zida.rs/prodaja-placeva/vrnjci-okolne-lokacije-vrnjacka-banja/gradjevinsko-zemljiste/66436e019b83fb93da09e855,"Građevinsko zemljište na prodaju, Vrnjci, 16.000€, 15a - 4zida",2024-05-18
234,https://www.4zida.rs/prodaja-placeva/vrtiste-okolne-lokacije-nis/gradjevinsko-zemljiste/6511b3571e4822456800625c,"Građevinsko zemljište na prodaju, Vrtište, 9.000€, 8a - 4zida",2024-05-18
235,https://www.4zida.rs/prodaja-placeva/guncati-barajevo-opstina-beograd/gradjevinsko-zemljiste/6630ccb61a0dbba9450e8ba4,"Građevinsko zemljište na prodaju, Hajduk Veljka, 40.000€, 19a - 4zida",2024-05-18
236,https://www.4zida.rs/prodaja-placeva/lalinac-okolne-lokacije-nis/gradjevinsko-zemljiste/64d635450a50583e1a08c0a4,"Građevinsko zemljište na prodaju, Novo selo, 11.000€, 11a - 4zida",2024-05-18
237,https://www.4zida.rs/prodaja-placeva/industrijska-zona-jug-gradske-lokacije-novi-sad/gradjevinsko-zemljiste/6645e15f20f7ab1f3d0806e5,"Građevinsko zemljište na prodaju, Rumenački put 52d, 478.800€, 79a - 4zida",2024-05-18
238,https://www.4zida.rs/prodaja-placeva/gradske-lokacije-vrnjacka-banja/gradjevinsko-zemljiste/66487c019e8b31f1c6074874,"Građevinsko zemljište na prodaju, Gradske lokacije, 25.000€, 26a - 4zida",2024-05-18
239,https://www.4zida.rs/prodaja-placeva/pasi-poljana-palilula-gradske-lokacije-nis/gradjevinsko-zemljiste/6601345a9fa88ad6dd098be6,"Građevinsko zemljište na prodaju, Djoakina Rosinija 6, 15.000€, 3a - 4zida",2024-05-18
240,https://www.4zida.rs/prodaja-placeva/gradske-lokacije-velika-plana/gradjevinsko-zemljiste/664102af80c7404e2109a564,"Građevinsko zemljište na prodaju, Gradske lokacije, 159.000€, 35a - 4zida",2024-05-18
241,https://www.4zida.rs/prodaja-placeva/jezava-gradske-lokacije-knjazevac/gradjevinsko-zemljiste/65b234fa5634395e37099292,"Građevinsko zemljište na prodaju, Knjaza Miloša, 11.000€, 24a - 4zida",2024-05-18
242,https://www.4zida.rs/prodaja-placeva/kamenica-okolne-lokacije-nis/gradjevinsko-zemljiste/659e61d4f5dc2bff5a042b3e,"Građevinsko zemljište na prodaju, Borska, 19.000€, 7a - 4zida",2024-05-18
243,https://www.4zida.rs/prodaja-placeva/zvezd-okolne-lokacije-vladimirci/gradjevinsko-zemljiste/663e2eba9a7ad1b46a0c3477,"Građevinsko zemljište na prodaju, Obrenovački put, 65.000€, 39a - 4zida",2024-05-18
244,https://www.4zida.rs/prodaja-placeva/krusedol-selo-okolne-lokacije-irig/gradjevinsko-zemljiste/663e2d9e5d09f6fa690684a4,"Građevinsko zemljište na prodaju, Krušedol Selo, 30.900€, 29a - 4zida",2024-05-18
245,https://www.4zida.rs/prodaja-placeva/palic-okolne-lokacije-subotica/gradjevinsko-zemljiste/663b5b5bf376c3a9e603eee4,"Građevinsko zemljište na prodaju, GRADSKE LOKACIJE, 70.000€, 7a - 4zida",2024-05-18
246,https://www.4zida.rs/prodaja-placeva/pantelej-gradske-lokacije-nis/gradjevinsko-zemljiste/6645f8c2c98474960109afdc,"Građevinsko zemljište na prodaju, Petra Božovića, 41.500€, 16a - 4zida",2024-05-18
247,https://www.4zida.rs/prodaja-placeva/ritopek-grocka-opstina-beograd/gradjevinsko-zemljiste/65eefbb94cea4c765a0c92fa,"Građevinsko zemljište na prodaju, Suvo plandište, 12.000€, 14a - 4zida",2024-05-18
248,https://www.4zida.rs/prodaja-placeva/gradske-lokacije-indjija/gradjevinsko-zemljiste/662d2d703e012070f6021329,"Građevinsko zemljište na prodaju, Prvomajska, 50.000€, 11a - 4zida",2024-05-18
249,https://www.4zida.rs/prodaja-placeva/makis-cukarica-cukarica-opstina-beograd/gradjevinsko-zemljiste/66412096c80dcf72400999f3,"Građevinsko zemljište na prodaju, BORE STANKOVICA, 3.000€, 7148a - 4zida",2024-05-18
250,https://www.4zida.rs/prodaja-placeva/boljevci-surcin-opstina-beograd/gradjevinsko-zemljiste/662baefb6e4a24b70e0b33f7,"Građevinsko zemljište na prodaju, Boljevci, 250.000€, 124a - 4zida",2024-05-18
251,https://www.4zida.rs/prodaja-placeva/tabanovic-okolne-lokacije-sabac/gradjevinsko-zemljiste/65e0f27dcfb3d664e906e7c8,"Građevinsko zemljište na prodaju, Tabanović, 7.500€, 6a - 4zida",2024-05-18
252,https://www.4zida.rs/prodaja-placeva/rogaca-sopot-opstina-beograd/gradjevinsko-zemljiste/66421642e11198be9a0173f7,"Građevinsko zemljište na prodaju, Rogača, 88.000€, 44a - 4zida",2024-05-18
253,https://www.4zida.rs/prodaja-placeva/sutci-okolne-lokacije-ljig/gradjevinsko-zemljiste/663cb694f1620c2b400f23d3,"Građevinsko zemljište na prodaju, Veliki Cer, 18.000€, 66a - 4zida",2024-05-18
254,https://www.4zida.rs/prodaja-placeva/muzlja-gradske-lokacije-zrenjanin/gradjevinsko-zemljiste/65fc23b895ade2ddb8014488,"Građevinsko zemljište na prodaju, Mužlja, 14.000€, 55a - 4zida",2024-05-18
255,https://www.4zida.rs/prodaja-placeva/susara-okolne-lokacije-vrsac/gradjevinsko-zemljiste/65e72db418c4577fd10d8895,"Građevinsko zemljište na prodaju, Petefi Šandora, 15.000€, 14a - 4zida",2024-05-18
256,https://www.4zida.rs/prodaja-placeva/donje-vlase-okolne-lokacije-nis/gradjevinsko-zemljiste/6554e377644698ffce022db0,"Građevinsko zemljište na prodaju, Donje Vlase, 8.500€, 4a - 4zida",2024-05-18
257,https://www.4zida.rs/prodaja-placeva/prva-kutina-okolne-lokacije-nis/gradjevinsko-zemljiste/64ec6669f1a75dd5980e07a2,"Građevinsko zemljište na prodaju, Niška Banja, 9.000€, 16a - 4zida",2024-05-18
258,https://www.4zida.rs/prodaja-placeva/donje-vlase-okolne-lokacije-nis/gradjevinsko-zemljiste/6554e1b0644698ffce022d22,"Građevinsko zemljište na prodaju, Donje Vlase, 8.500€, 4a - 4zida",2024-05-18
259,https://www.4zida.rs/prodaja-placeva/futog-okolne-lokacije-novi-sad/gradjevinsko-zemljiste/6647110d2485e4e8dc061c74,"Građevinsko zemljište na prodaju, Carice Milice, 153.000€, 19a - 4zida",2024-05-18
260,https://www.4zida.rs/prodaja-placeva/lestane-grocka-opstina-beograd/gradjevinsko-zemljiste/663ddb4c6ef20de0ab0aa212,"Građevinsko zemljište na prodaju, Smederevski put, 799.000€, 50a - 4zida",2024-05-18
261,https://www.4zida.rs/prodaja-placeva/cerevic-okolne-lokacije-beocin/gradjevinsko-zemljiste/6644d668908e1385890d5fe3,"Građevinsko zemljište na prodaju, Čerević, 34.000€, 5a - 4zida",2024-05-18
262,https://www.4zida.rs/prodaja-placeva/vrcin-grocka-opstina-beograd/gradjevinsko-zemljiste/65ae4581d6d821cee00eb503,"Građevinsko zemljište na prodaju, Vrčin, 15.000€, 19a - 4zida",2024-05-18
263,https://www.4zida.rs/prodaja-placeva/sajlovo-gradske-lokacije-novi-sad/gradjevinsko-zemljiste/66467d46efcbb5bff4028724,"Građevinsko zemljište na prodaju, Nova 3, 380.000€, 43a - 4zida",2024-05-18
264,https://www.4zida.rs/prodaja-placeva/donje-vlase-okolne-lokacije-nis/gradjevinsko-zemljiste/6554e1b0644698ffce022d1f,"Građevinsko zemljište na prodaju, Donje Vlase, 8.500€, 4a - 4zida",2024-05-18
265,https://www.4zida.rs/prodaja-placeva/artiljevo-popovica-sremska-kamenica-gradske-lokacije-novi-sad/gradjevinsko-zemljiste/663d242b39a73f715e03b773,"Građevinsko zemljište na prodaju, Artiljevo, 74.270€, 17a - 4zida",2024-05-18
266,https://www.4zida.rs/prodaja-placeva/dren-lazarevac-opstina-beograd/gradjevinsko-zemljiste/65c7a85526edf5d1ab0c9a68,"Građevinsko zemljište na prodaju, Dren, 10.000€, 7a - 4zida",2024-05-18
267,https://www.4zida.rs/prodaja-placeva/cortanovci-okolne-lokacije-indjija/gradjevinsko-zemljiste/6647929a089d6be3ff0f88d3,"Građevinsko zemljište na prodaju, Čortanovci, 278.100€, 153a - 4zida",2024-05-18
268,https://www.4zida.rs/prodaja-placeva/gradske-lokacije-merosina/gradjevinsko-zemljiste/64e8d4ae11cd8175f9086714,"Građevinsko zemljište na prodaju, Mramorsko Brdo, 6.000€, 43a - 4zida",2024-05-18
269,https://www.4zida.rs/prodaja-placeva/tomasevac-okolne-lokacije-zrenjanin/gradjevinsko-zemljiste/65a52737c3eb8e617d049733,"Građevinsko zemljište na prodaju, Tomaševac, 15.000€, 10a - 4zida",2024-05-18
270,https://www.4zida.rs/prodaja-placeva/ripanj-vozdovac-opstina-beograd/gradjevinsko-zemljiste/662f871968adfaad330e0942,"Građevinsko zemljište na prodaju, Mala Ramaća, 25.000€, 40a - 4zida",2024-05-18
271,https://www.4zida.rs/prodaja-placeva/lipova-okolne-lokacije-vrnjacka-banja/gradjevinsko-zemljiste/66487f66c9b9e7979900de93,"Građevinsko zemljište na prodaju, Nemanjina 15v, 40.000€, 19a - 4zida",2024-05-18
272,https://www.4zida.rs/prodaja-placeva/hisar-gradske-lokacije-leskovac/gradjevinsko-zemljiste/65eee8929c00d3f21806c2f8,"Građevinsko zemljište na prodaju, Hisarska, 19.500€, 38a - 4zida",2024-05-18
273,https://www.4zida.rs/prodaja-placeva/ducina-sopot-opstina-beograd/gradjevinsko-zemljiste/663a2fce3b5c51758607a882,"Građevinsko zemljište na prodaju, Dučina, 13.000€, 10a - 4zida",2024-05-18
274,https://www.4zida.rs/prodaja-placeva/gradske-lokacije-merosina/gradjevinsko-zemljiste/65e30c00e585e13b98052531,"Građevinsko zemljište na prodaju, Gradske lokacije, 6.000€, 6a - 4zida",2024-05-18
275,https://www.4zida.rs/prodaja-placeva/ripanj-vozdovac-opstina-beograd/gradjevinsko-zemljiste/63c55ed894263bd19a071c9f,"Građevinsko zemljište na prodaju, Brđanska, 20.000€, 21a - 4zida",2024-05-18
276,https://www.4zida.rs/prodaja-placeva/muzlja-gradske-lokacije-zrenjanin/gradjevinsko-zemljiste/65fc29a609ec70d56f0a778a,"Građevinsko zemljište na prodaju, Mužlja, 11.000€, 21a - 4zida",2024-05-18
277,https://www.4zida.rs/prodaja-placeva/kelebija-okolne-lokacije-subotica/gradjevinsko-zemljiste/65ae89a4bea8348f040cefd3,"Građevinsko zemljište na prodaju, Kelebija, 9.000€, 6a - 4zida",2024-05-18
278,https://www.4zida.rs/prodaja-placeva/koracica-mladenovac-opstina-beograd/gradjevinsko-zemljiste/664372ce207112076e01c58c,"Građevinsko zemljište na prodaju, Koraćica, 94.500€, 105a - 4zida",2024-05-18
279,https://www.4zida.rs/prodaja-placeva/lalinac-okolne-lokacije-nis/gradjevinsko-zemljiste/64d635450a50583e1a08c0a7,"Građevinsko zemljište na prodaju, Novo selo, 6.000€, 14a - 4zida",2024-05-18
280,https://www.4zida.rs/prodaja-placeva/bocke-sremska-kamenica-gradske-lokacije-novi-sad/gradjevinsko-zemljiste/6641cf59515963e4b30f3834,"Građevinsko zemljište na prodaju, Bocke, 201.570€, 21a - 4zida",2024-05-18
281,https://www.4zida.rs/prodaja-placeva/krnjesevci-okolne-lokacije-stara-pazova/gradjevinsko-zemljiste/66446fef4f28f1b5c10bc127,"Građevinsko zemljište na prodaju, Lukin salaš, 185.600€, 116a - 4zida",2024-05-18
282,https://www.4zida.rs/prodaja-placeva/bubanj-centar-gradske-lokacije-kragujevac/gradjevinsko-zemljiste/6645f8b2c98474960109af94,"Građevinsko zemljište na prodaju, Save Kovačevića, 800.000€, 76a - 4zida",2024-05-18
283,https://www.4zida.rs/prodaja-placeva/palilula-gradske-lokacije-nis/gradjevinsko-zemljiste/65b11c09bd61a70db00f9a53,"Građevinsko zemljište na prodaju, Belopalanačka, 17.500€, 17a - 4zida",2024-05-18
284,https://www.4zida.rs/prodaja-placeva/prosek-okolne-lokacije-nis/gradjevinsko-zemljiste/64ec6669f1a75dd5980e07a5,"Građevinsko zemljište na prodaju, Prosek, 13.000€, 16a - 4zida",2024-05-18
285,https://www.4zida.rs/prodaja-placeva/surcin-surcin-opstina-beograd/gradjevinsko-zemljiste/664372bfaa9e3198a60cf065,"Građevinsko zemljište na prodaju, Majke Angeline, 304.000€, 87a - 4zida",2024-05-18
286,https://www.4zida.rs/prodaja-placeva/gradske-lokacije-sombor/gradjevinsko-zemljiste/662fbde89bc6f3dc12058bad,"Građevinsko zemljište na prodaju, Gradske lokacije, 17.550€, 14a - 4zida",2024-05-18
287,https://www.4zida.rs/prodaja-placeva/lazarevac-lazarevac-opstina-beograd/gradjevinsko-zemljiste/65d61ded59a7af2747015ba3,"Građevinsko zemljište na prodaju, Borska, 12.000€, 10a - 4zida",2024-05-18
288,https://www.4zida.rs/prodaja-placeva/niska-banja-gradske-lokacije-nis/gradjevinsko-zemljiste/64e8c65cf7b695addf092ca8,"Građevinsko zemljište na prodaju, Niška Banja, 14.000€, 7a - 4zida",2024-05-18
289,https://www.4zida.rs/prodaja-placeva/banatski-brestovac-okolne-lokacije-pancevo/gradjevinsko-zemljiste/65eb7ac5ed3cc4349609d65c,"Građevinsko zemljište na prodaju, Banatski Brestovac, 15.000€, 15a - 4zida",2024-05-18
290,https://www.4zida.rs/prodaja-placeva/ilicevo-gradske-lokacije-kragujevac/gradjevinsko-zemljiste/6645f897c98474960109af37,"Građevinsko zemljište na prodaju, Viška, 20.000€, 20a - 4zida",2024-05-18
291,https://www.4zida.rs/prodaja-placeva/gradske-lokacije-knjazevac/gradjevinsko-zemljiste/658d4f8adc5dc5eb450c63f5,"Građevinsko zemljište na prodaju, Gradske lokacije, 19.000€, 18a - 4zida",2024-05-18
292,https://www.4zida.rs/prodaja-placeva/dedinje-savski-venac-beograd/gradjevinsko-zemljiste/663f1814e27720b1660e9454,"Građevinsko zemljište na prodaju, Velisava Vulovica, 735.000€, 8a - 4zida",2024-05-18
293,https://www.4zida.rs/prodaja-placeva/zaovine-tara/gradjevinsko-zemljiste/646224835220e807a400a289,"Građevinsko zemljište na prodaju, Zaovine, 10.000€, 10a - 4zida",2024-05-18
294,https://www.4zida.rs/prodaja-placeva/centar-gradske-lokacije-valjevo/gradjevinsko-zemljiste/65d8c9c0b73d11a6ea0b88b7,"Građevinsko zemljište na prodaju, Centar, 13.000€, 5a - 4zida",2024-05-18
295,https://www.4zida.rs/prodaja-placeva/crveni-pevac-medijana-gradske-lokacije-nis/gradjevinsko-zemljiste/6645f997c98474960109b123,"Građevinsko zemljište na prodaju, Vojvode Mišića, 312.000€, 2a - 4zida",2024-05-18
296,https://www.4zida.rs/prodaja-placeva/vilandrica-okolne-lokacije-gadzin-han/gradjevinsko-zemljiste/652945f5776a7e50ae074dba,"Građevinsko zemljište na prodaju, Vilandrica, 6.000€, 1a - 4zida",2024-05-18
297,https://www.4zida.rs/prodaja-placeva/gradske-lokacije-pecinci/gradjevinsko-zemljiste/663dda601ca477f96907d397,"Građevinsko zemljište na prodaju, Potes selo, 28.500€, 23a - 4zida",2024-05-18
298,https://www.4zida.rs/prodaja-placeva/dragolj-okolne-lokacije-gornji-milanovac/gradjevinsko-zemljiste/65ae4571d6d821cee00eb4e2,"Građevinsko zemljište na prodaju, Širokovac, 5.999€, 20a - 4zida",2024-05-18
299,https://www.4zida.rs/prodaja-placeva/vranic-barajevo-opstina-beograd/gradjevinsko-zemljiste/6644a91901a5acb8b40e77e8,"Građevinsko zemljište na prodaju, Milosava Đorića-Zoke, 42.000€, 70a - 4zida",2024-05-18
300,https://www.4zida.rs/prodaja-placeva/cortanovci-okolne-lokacije-indjija/gradjevinsko-zemljiste/6645feacd90e2204f504b3c6,"Građevinsko zemljište na prodaju, Čortanovci, 45.100€, 29a - 4zida",2024-05-18
301,https://www.4zida.rs/prodaja-placeva/sibnica-sopot-opstina-beograd/gradjevinsko-zemljiste/65d1589a30a9434b7c0d48bc,"Građevinsko zemljište na prodaju, Pukovnika Žike Radovanovića, 10.000€, 9a - 4zida",2024-05-18
302,https://www.4zida.rs/prodaja-placeva/sajlovo-gradske-lokacije-novi-sad/gradjevinsko-zemljiste/662f6a4314938decb603afc6,"Građevinsko zemljište na prodaju, Sajlovo, 149.430€, 1860a - 4zida",2024-05-18
303,https://www.4zida.rs/prodaja-placeva/velika-lomnica-okolne-lokacije-krusevac/gradjevinsko-zemljiste/65e8fbe51a808706b50fe266,"Građevinsko zemljište na prodaju, Trg Fontana 20/3, 11.000€, 15a - 4zida",2024-05-18
304,https://www.4zida.rs/prodaja-placeva/donje-vlase-okolne-lokacije-nis/gradjevinsko-zemljiste/64e8d4ad11cd8175f908670b,"Građevinsko zemljište na prodaju, Donje Vlase, 20.000€, 14a - 4zida",2024-05-18
305,https://www.4zida.rs/prodaja-placeva/gradske-lokacije-ruma/gradjevinsko-zemljiste/66227d681f669ae2650d5a55,"Građevinsko zemljište na prodaju, Ruma, 15.000€, 7a - 4zida",2024-05-18
306,https://www.4zida.rs/prodaja-placeva/kovilj-okolne-lokacije-novi-sad/gradjevinsko-zemljiste/660316310fd68a60b60601d8,"Građevinsko zemljište na prodaju, Kovilj, 13€, 28a - 4zida",2024-05-18
307,https://www.4zida.rs/prodaja-placeva/makova-sedmica-gradske-lokacije-subotica/gradjevinsko-zemljiste/6568c436e2702098750ad5e1,"Građevinsko zemljište na prodaju, Đerđa Lukača, 12.500€, 14a - 4zida",2024-05-18
308,https://www.4zida.rs/prodaja-placeva/mala-mostanica-obrenovac-opstina-beograd/gradjevinsko-zemljiste/65cfc87c51b1a9ac810fbf99,"Građevinsko zemljište na prodaju, Šarčevića kraj, 14.900€, 7a - 4zida",2024-05-18
309,https://www.4zida.rs/prodaja-placeva/lepaja-okolne-lokacije-merosina/gradjevinsko-zemljiste/65c60e02db89f78e29024b20,"Građevinsko zemljište na prodaju, Merošina, 15.000€, 70a - 4zida",2024-05-18
310,https://www.4zida.rs/prodaja-placeva/ribnica-gradske-lokacije-kraljevo/gradjevinsko-zemljiste/662caf6740ee784dde013183,"Građevinsko zemljište na prodaju, Toše Apotekara, 12.500€, 5a - 4zida",2024-05-18
311,https://www.4zida.rs/prodaja-placeva/stari-slankamen-okolne-lokacije-indjija/gradjevinsko-zemljiste/6643742d207112076e01c5fd,"Građevinsko zemljište na prodaju, Stari Slankamen, 56.000€, 30a - 4zida",2024-05-18
312,https://www.4zida.rs/prodaja-placeva/ratina-gradske-lokacije-kraljevo/gradjevinsko-zemljiste/6641000a9bebf7ffe3033246,"Građevinsko zemljište na prodaju, Dositeja Obradovica, 1€, 145a - 4zida",2024-05-18
313,https://www.4zida.rs/prodaja-placeva/cigota-okolne-lokacije-zlatibor/gradjevinsko-zemljiste/6602fd11aaf80abd680a9d94,"Građevinsko zemljište na prodaju, Kobilja glava, Jablanica, 18.500€, 4a - 4zida",2024-05-18
314,https://www.4zida.rs/prodaja-placeva/simanovci-okolne-lokacije-pecinci/gradjevinsko-zemljiste/664206e7d4b75a851a074fbe,"Građevinsko zemljište na prodaju, Šimanovci, 53.340€, 44a - 4zida",2024-05-18
315,https://www.4zida.rs/prodaja-placeva/cvetkova-pijaca-zvezdara-opstina-beograd/gradjevinsko-zemljiste/662bc52f66a8acd3ea077993,"Građevinsko zemljište na prodaju, Vojvode Dovezenskog 11, 1€, 3a - 4zida",2024-05-18
316,https://www.4zida.rs/prodaja-placeva/centar-gradske-lokacije-knjazevac/gradjevinsko-zemljiste/65b22835a1727603a403703d,"Građevinsko zemljište na prodaju, Njegoševa, 9.000€, 8a - 4zida",2024-05-18
317,https://www.4zida.rs/prodaja-placeva/sibnica-sopot-opstina-beograd/gradjevinsko-zemljiste/658769caa94758f2a9039b06,"Građevinsko zemljište na prodaju, SIbnica, 15.000€, 10a - 4zida",2024-05-18
318,https://www.4zida.rs/prodaja-placeva/gradske-lokacije-bela-palanka/gradjevinsko-zemljiste/6548f99afc697a80c3016944,"Građevinsko zemljište na prodaju, Gradske lokacije, 16.000€, 37a - 4zida",2024-05-18
319,https://www.4zida.rs/prodaja-placeva/donje-vlase-okolne-lokacije-nis/gradjevinsko-zemljiste/6554e1b0644698ffce022d1c,"Građevinsko zemljište na prodaju, Donje Vlase, 8.500€, 4a - 4zida",2024-05-18
320,https://www.4zida.rs/prodaja-placeva/zova-okolne-lokacije-zlatibor/gradjevinsko-zemljiste/662ea79427bdf5248f064083,"Građevinsko zemljište na prodaju, Zova, 20.000€, 4a - 4zida",2024-05-18
321,https://www.4zida.rs/prodaja-placeva/miseluk-petrovaradin-gradske-lokacije-novi-sad/gradjevinsko-zemljiste/662fa1cda99b96a804085434,"Građevinsko zemljište na prodaju, Mišeluk 1, 77.250€, 6a - 4zida",2024-05-18
322,https://www.4zida.rs/prodaja-placeva/zeljeznicko-naselje-gradske-lokacije-subotica/gradjevinsko-zemljiste/65f84fe59e837e33fc07578b,"Građevinsko zemljište na prodaju, Željezničko Naselje, 10.500€, 3a - 4zida",2024-05-18
323,https://www.4zida.rs/prodaja-placeva/simanovci-okolne-lokacije-pecinci/gradjevinsko-zemljiste/664206e7d4b75a851a074fbb,"Građevinsko zemljište na prodaju, Šimanovci, 250.000€, 126a - 4zida",2024-05-18
324,https://www.4zida.rs/prodaja-placeva/beska-okolne-lokacije-indjija/gradjevinsko-zemljiste/65bd19dd65c049ac200007c0,"Građevinsko zemljište na prodaju, Beška, 9.000€, 10a - 4zida",2024-05-18
325,https://www.4zida.rs/prodaja-placeva/jezava-gradske-lokacije-knjazevac/gradjevinsko-zemljiste/65b234fb5634395e37099295,"Građevinsko zemljište na prodaju, Crni vrh, 6.000€, 7a - 4zida",2024-05-18
326,https://www.4zida.rs/prodaja-placeva/ravni-do-okolne-lokacije-nis/gradjevinsko-zemljiste/64d216bcd6feae4fa501bdd2,"Građevinsko zemljište na prodaju, Avalska, 7.500€, 37a - 4zida",2024-05-18
327,https://www.4zida.rs/prodaja-placeva/mramorsko-brdo-okolne-lokacije-merosina/gradjevinsko-zemljiste/650583b887a98f16d00fe5e7,"Građevinsko zemljište na prodaju, Mramorsko brdo, 14.700€, 48a - 4zida",2024-05-18
328,https://www.4zida.rs/prodaja-placeva/9-maj-palilula-gradske-lokacije-nis/gradjevinsko-zemljiste/65b8dc0f74c7121bea03c0dc,"Građevinsko zemljište na prodaju, Donje Medjurovo, 15.000€, 10a - 4zida",2024-05-18
329,https://www.4zida.rs/prodaja-placeva/autokomanda-savski-venac-beograd/gradjevinsko-zemljiste/6646533f4ff09c218f046b84,"Građevinsko zemljište na prodaju, Fabrisova 3, 450.000€, 3a - 4zida",2024-05-18
330,https://www.4zida.rs/prodaja-placeva/rakovac-okolne-lokacije-beocin/gradjevinsko-zemljiste/6639e31c0adbb19385026543,"Građevinsko zemljište na prodaju, Rakovac, 84.880€, 24a - 4zida",2024-05-18
331,https://www.4zida.rs/prodaja-placeva/pantelej-gradske-lokacije-nis/gradjevinsko-zemljiste/6645fb35c98474960109b29f,"Građevinsko zemljište na prodaju, Petra Božovića, 41.500€, 16a - 4zida",2024-05-18
332,https://www.4zida.rs/prodaja-placeva/carina-gradske-lokacije-uzice/gradjevinsko-zemljiste/64b55420e111a62a6704d6e6,"Građevinsko zemljište na prodaju, ŽUPANA BRAJANA 18, 20.000€, 12a - 4zida",2024-05-18
333,https://www.4zida.rs/prodaja-placeva/trupale-okolne-lokacije-nis/gradjevinsko-zemljiste/651a9949dd7549cd1b017807,"Građevinsko zemljište na prodaju, Lalinac, 10.500€, 102a - 4zida",2024-05-18
334,https://www.4zida.rs/prodaja-placeva/konjska-reka-tara/gradjevinsko-zemljiste/663153753c1de0c5990b5743,"Građevinsko zemljište na prodaju, Sekulići, 17.000€, 5a - 4zida",2024-05-18
335,https://www.4zida.rs/prodaja-placeva/vinik-pantelej-gradske-lokacije-nis/gradjevinsko-zemljiste/657c0d719527ef436b0f53fb,"Građevinsko zemljište na prodaju, Borska, 18.000€, 14a - 4zida",2024-05-18
336,https://www.4zida.rs/prodaja-placeva/rakovac-okolne-lokacije-beocin/gradjevinsko-zemljiste/664711032485e4e8dc061c32,"Građevinsko zemljište na prodaju, Rakovac, 29.000€, 628a - 4zida",2024-05-18
337,https://www.4zida.rs/prodaja-placeva/lazarica-gradske-lokacije-krusevac/gradjevinsko-zemljiste/65c3a438ffa75374b1099021,"Građevinsko zemljište na prodaju, lazarica, 1.400€, 34a - 4zida",2024-05-18
338,https://www.4zida.rs/prodaja-placeva/ripanj-vozdovac-opstina-beograd/gradjevinsko-zemljiste/663e15294ab37e33fa061fcb,"Građevinsko zemljište na prodaju, Lipovički put, 34.000€, 16a - 4zida",2024-05-18
339,https://www.4zida.rs/prodaja-placeva/simanovci-okolne-lokacije-pecinci/gradjevinsko-zemljiste/6630e34296b6d6294a09d263,"Građevinsko zemljište na prodaju, Potes Begluk, 45.000€, 44a - 4zida",2024-05-18
340,https://www.4zida.rs/prodaja-placeva/muzlja-gradske-lokacije-zrenjanin/gradjevinsko-zemljiste/66472da68b1eeda8b90ccbd4,"Građevinsko zemljište na prodaju, Mužlja, 11.000€, 31a - 4zida",2024-05-18
341,https://www.4zida.rs/prodaja-placeva/novi-futog-futog-okolne-lokacije-novi-sad/gradjevinsko-zemljiste/6635dcbffd4de9f602048fc6,"Građevinsko zemljište na prodaju, Joakima Vujića, 35.010€, 3a - 4zida",2024-05-18
342,https://www.4zida.rs/prodaja-placeva/niska-banja-gradske-lokacije-nis/gradjevinsko-zemljiste/64ec6669f1a75dd5980e079f,"Građevinsko zemljište na prodaju, Niška Banja, 21.000€, 6a - 4zida",2024-05-18
343,https://www.4zida.rs/prodaja-placeva/centar-gradske-lokacije-knjazevac/gradjevinsko-zemljiste/65b226d5a1727603a4037021,"Građevinsko zemljište na prodaju, Njegoševa, 9.000€, 8a - 4zida",2024-05-18
344,https://www.4zida.rs/prodaja-placeva/opornica-okolne-lokacije-kragujevac/gradjevinsko-zemljiste/66008ac462b5fc503f0c3389,"Građevinsko zemljište na prodaju, Opornička, 7.000€, 20a - 4zida",2024-05-18
345,https://www.4zida.rs/prodaja-placeva/elemir-okolne-lokacije-zrenjanin/gradjevinsko-zemljiste/6648784c5d70aed1f80197e3,"Građevinsko zemljište na prodaju, Elemir, 25.000€, 25a - 4zida",2024-05-18
346,https://www.4zida.rs/prodaja-placeva/trudelj-okolne-lokacije-gornji-milanovac/gradjevinsko-zemljiste/65ae4572d6d821cee00eb4e5,"Građevinsko zemljište na prodaju, Grajska Gora, 19.008€, 190a - 4zida",2024-05-18
347,https://www.4zida.rs/prodaja-placeva/kelebija-okolne-lokacije-subotica/gradjevinsko-zemljiste/6640d7780d65d5acf80741b3,"Građevinsko zemljište na prodaju, Brsljanska, 29.000€, 25a - 4zida",2024-05-18
348,https://www.4zida.rs/prodaja-placeva/glumcevo-brdo-barajevo-barajevo-opstina-beograd/gradjevinsko-zemljiste/663f3dc5ee5b009af70d147e,"Građevinsko zemljište na prodaju, Branislava Jovanovića, 21.000€, 14a - 4zida",2024-05-18
349,https://www.4zida.rs/prodaja-placeva/oslusa-tara/gradjevinsko-zemljiste/662fc91d06aec2b4820fa783,"Građevinsko zemljište na prodaju, Tara, 17.500€, 5a - 4zida",2024-05-18
350,https://www.4zida.rs/prodaja-placeva/ripanj-vozdovac-opstina-beograd/gradjevinsko-zemljiste/63a1e24c73953d0bed035aa7,"Građevinsko zemljište na prodaju, Srednji Prnjavor, 16.000€, 8a - 4zida",2024-05-18
351,https://www.4zida.rs/prodaja-placeva/bresnica-gradske-lokacije-kragujevac/gradjevinsko-zemljiste/6645ea4b8981a32a1f01cdbd,"Građevinsko zemljište na prodaju, Bresnica, 29.000€, 10a - 4zida",2024-05-18
352,https://www.4zida.rs/prodaja-placeva/zeljeznicko-naselje-gradske-lokacije-subotica/gradjevinsko-zemljiste/6645bffa38b6f731f6035368,"Građevinsko zemljište na prodaju, Željezničko Naselje, 11.000€, 4a - 4zida",2024-05-18
353,https://www.4zida.rs/prodaja-placeva/umcari-grocka-opstina-beograd/gradjevinsko-zemljiste/664780f651e2e9e29606fbc3,"Građevinsko zemljište na prodaju, Beogradska, 9.000€, 11a - 4zida",2024-05-18
354,https://www.4zida.rs/prodaja-placeva/letnjikovac-okolne-lokacije-sabac/gradjevinsko-zemljiste/6634967cbd91c8bf220790d3,"Građevinsko zemljište na prodaju, Pukovnika Krste Smiljanića 6A, 17.500€, 5a - 4zida",2024-05-18
355,https://www.4zida.rs/prodaja-placeva/gradske-lokacije-cajetina/gradjevinsko-zemljiste/66438fe1ac6ed0484b087034,"Građevinsko zemljište na prodaju, Gradske lokacije, 150.000€, 65a - 4zida",2024-05-18
356,https://www.4zida.rs/prodaja-placeva/popovic-sopot-opstina-beograd/gradjevinsko-zemljiste/64fef97d9f3c363ac50d6cd6,"Građevinsko zemljište na prodaju, Popović, 8.000€, 8a - 4zida",2024-05-18
357,https://www.4zida.rs/prodaja-placeva/gradske-lokacije-vrnjacka-banja/gradjevinsko-zemljiste/66487b56eae7144b31069c26,"Građevinsko zemljište na prodaju, Gradske lokacije, 26.000€, 12a - 4zida",2024-05-18
358,https://www.4zida.rs/prodaja-placeva/gradske-lokacije-vrbas/gradjevinsko-zemljiste/664710ff2485e4e8dc061c14,"Građevinsko zemljište na prodaju, Gradske lokacije, 95.000€, 19316a - 4zida",2024-05-18
359,https://www.4zida.rs/prodaja-placeva/rogaca-sopot-opstina-beograd/gradjevinsko-zemljiste/663b70a91256cdae600b137d,"Građevinsko zemljište na prodaju, Rogača, 44.000€, 20a - 4zida",2024-05-18
360,https://www.4zida.rs/prodaja-placeva/zirovnica-okolne-lokacije-batocina/gradjevinsko-zemljiste/6645f8b1c98474960109af82,"Građevinsko zemljište na prodaju, Žirovnica, 35.000€, 13a - 4zida",2024-05-18
361,https://www.4zida.rs/prodaja-placeva/mramorsko-brdo-okolne-lokacije-merosina/gradjevinsko-zemljiste/6505814e15870caabb0468ca,"Građevinsko zemljište na prodaju, Mramorsko brdo, 14.700€, 48a - 4zida",2024-05-18
362,https://www.4zida.rs/prodaja-placeva/metikos-okolne-lokacije-kraljevo/gradjevinsko-zemljiste/641ae8d052130b32b50b4b86,"Građevinsko zemljište na prodaju, Metikoš, 5.500€, 4a - 4zida",2024-05-18
363,https://www.4zida.rs/prodaja-placeva/pantelej-gradske-lokacije-nis/gradjevinsko-zemljiste/6645f8b6c98474960109afa3,"Građevinsko zemljište na prodaju, Gornjoadrovačka, 45.000€, 2a - 4zida",2024-05-18
364,https://www.4zida.rs/prodaja-placeva/krcedin-okolne-lokacije-indjija/gradjevinsko-zemljiste/6644edc9260dacef130c5a75,"Građevinsko zemljište na prodaju, Krčedin, 17.000€, 8a - 4zida",2024-05-18
365,https://www.4zida.rs/prodaja-placeva/aradac-okolne-lokacije-zrenjanin/gradjevinsko-zemljiste/6643c712c2a456e3b3076c05,"Građevinsko zemljište na prodaju, Aradac, 11.500€, 5a - 4zida",2024-05-18
366,https://www.4zida.rs/prodaja-placeva/zeljeznicko-naselje-gradske-lokacije-subotica/gradjevinsko-zemljiste/65f84218a0acd1f60f064f3d,"Građevinsko zemljište na prodaju, Željezničko Naselje, 10.500€, 4a - 4zida",2024-05-18
367,https://www.4zida.rs/prodaja-placeva/lugovo-okolne-lokacije-istok/gradjevinsko-zemljiste/65a65a7e59aca77d1e06bf69,"Građevinsko zemljište na prodaju, Lugovo, 3.500€, 7a - 4zida",2024-05-18
368,https://www.4zida.rs/prodaja-placeva/9-maj-palilula-gradske-lokacije-nis/gradjevinsko-zemljiste/64674d4502450d2a0404781b,"Građevinsko zemljište na prodaju, Donje Medjurovo, 170.000€, 54a - 4zida",2024-05-18
369,https://www.4zida.rs/prodaja-placeva/palic-okolne-lokacije-subotica/gradjevinsko-zemljiste/645b41d9b38d38d7c7035ccd,"Građevinsko zemljište na prodaju, Senćanski put, 86.000€, 71a - 4zida",2024-05-18
370,https://www.4zida.rs/prodaja-placeva/lepa-brena-centar-gradske-lokacije-kragujevac/gradjevinsko-zemljiste/63c6cf0b2c8acee8190444a6,"Građevinsko zemljište na prodaju, Istarska 6, 38.500€, 3a - 4zida",2024-05-18
371,https://www.4zida.rs/prodaja-placeva/popovac-okolne-lokacije-nis/gradjevinsko-zemljiste/64db89c5a2f609c4310abdcf,"Građevinsko zemljište na prodaju, Popovac, 55.000€, 50a - 4zida",2024-05-18
372,https://www.4zida.rs/prodaja-placeva/centar-gradske-lokacije-kraljevo/gradjevinsko-zemljiste/64f0d0c12d5b0f99a00d6b9c,"Građevinsko zemljište na prodaju, dositejeva, 54.000€, 12a - 4zida",2024-05-18
373,https://www.4zida.rs/prodaja-placeva/divcibare-okolne-lokacije-valjevo/gradjevinsko-zemljiste/621fae8da6868a329b3c0457,"Građevinsko zemljište na prodaju, Čalačka greda Preko puta nove ski staze, 187.000€, 39a - 4zida",2024-05-18
374,https://www.4zida.rs/prodaja-placeva/divcibare-okolne-lokacije-valjevo/gradjevinsko-zemljiste/64d24774806d57a64d0cfc78,"Građevinsko zemljište na prodaju, Divčibare, 65.000€, 100a - 4zida",2024-05-18
375,https://www.4zida.rs/prodaja-placeva/simanovci-okolne-lokacije-pecinci/gradjevinsko-zemljiste/61f53aa8e7b0f5396c6b0390,"Građevinsko zemljište na prodaju, Šimanovci, 255.000€, 63a - 4zida",2024-05-18
376,https://www.4zida.rs/prodaja-placeva/kovilj-okolne-lokacije-novi-sad/gradjevinsko-zemljiste/5de64a4fe466e66c966ca84a,"Građevinsko zemljište na prodaju, Kovilj, 1€, 28a - 4zida",2024-05-18
377,https://www.4zida.rs/prodaja-placeva/gradske-lokacije-doljevac/gradjevinsko-zemljiste/60f8b6afccec3565d1133128,"Građevinsko zemljište na prodaju, Doljevac, 70.000€, 123a - 4zida",2024-05-18
378,https://www.4zida.rs/prodaja-placeva/mirijevo-zvezdara-opstina-beograd/gradjevinsko-zemljiste/6453b537caee9410f20cd1c2,"Građevinsko zemljište na prodaju, Pirandelova, 170.000€, 10a - 4zida",2024-05-18
379,https://www.4zida.rs/prodaja-placeva/ledinci-okolne-lokacije-novi-sad/gradjevinsko-zemljiste/652f982af07b6f82130bf59b,"Građevinsko zemljište na prodaju, Ledinci, 100€, 118a - 4zida",2024-05-18
380,https://www.4zida.rs/prodaja-placeva/teslino-naselje-kertvaros-gradske-lokacije-subotica/gradjevinsko-zemljiste/65339874821e42994405a0f1,"Građevinsko zemljište na prodaju, KIREŠKA, 27.500€, 6a - 4zida",2024-05-18
381,https://www.4zida.rs/prodaja-placeva/novo-selo-okolne-lokacije-vrnjacka-banja/gradjevinsko-zemljiste/653a34e563ae8af25a0c14ff,"Građevinsko zemljište na prodaju, Lipovacka, 155.000€, 39a - 4zida",2024-05-18
382,https://www.4zida.rs/prodaja-placeva/ostruznica-cukarica-cukarica-opstina-beograd/gradjevinsko-zemljiste/65cbb27b857bf0b6920335a7,"Građevinsko zemljište na prodaju, Ane Krasojević, 107.000€, 43a - 4zida",2024-05-18
383,https://www.4zida.rs/prodaja-placeva/popovica-sremska-kamenica-gradske-lokacije-novi-sad/gradjevinsko-zemljiste/64d0d568317631b1940bbbab,"Građevinsko zemljište na prodaju, Popovica, 195.700€, 10a - 4zida",2024-05-18
384,https://www.4zida.rs/prodaja-placeva/niska-banja-gradske-lokacije-nis/gradjevinsko-zemljiste/64133391cdab3778df05f00b,"Građevinsko zemljište na prodaju, Niška Banja, 40.000€, 21a - 4zida",2024-05-18
385,https://www.4zida.rs/prodaja-placeva/metikos-okolne-lokacije-kraljevo/gradjevinsko-zemljiste/641ae8d052130b32b50b4b86,"Građevinsko zemljište na prodaju, Metikoš, 5.500€, 4a - 4zida",2024-05-18
386,https://www.4zida.rs/prodaja-placeva/popovac-okolne-lokacije-nis/gradjevinsko-zemljiste/64a686e85c7cc3fa0205eb92,"Građevinsko zemljište na prodaju, Popovac, 370.000€, 183a - 4zida",2024-05-18
387,https://www.4zida.rs/prodaja-placeva/zuce-vozdovac-opstina-beograd/gradjevinsko-zemljiste/6537d33727fdb393b90a39ca,"Građevinsko zemljište na prodaju, Zuce, 150.000€, 50a - 4zida",2024-05-18
388,https://www.4zida.rs/prodaja-placeva/popovic-sopot-opstina-beograd/gradjevinsko-zemljiste/662a40050f348f76080759de,"Građevinsko zemljište na prodaju, Kosmajski trg, 24.600€, 53a - 4zida",2024-05-18
389,https://www.4zida.rs/prodaja-placeva/cenej-okolne-lokacije-novi-sad/gradjevinsko-zemljiste/63ac3fa6e728c9b4c10c5885,"Građevinsko zemljište na prodaju, Čenej, 360.500€, 359a - 4zida",2024-05-18
390,https://www.4zida.rs/prodaja-placeva/kamenica-okolne-lokacije-nis/gradjevinsko-zemljiste/63fcf2ffd31ae2a1560ca97d,"Građevinsko zemljište na prodaju, čegarski put, 15.000€, 8a - 4zida",2024-05-18
391,https://www.4zida.rs/prodaja-placeva/zunje-okolne-lokacije-knic/gradjevinsko-zemljiste/6500215a539176db80097ca9,"Građevinsko zemljište na prodaju, Žunje , 34.500€, 28a - 4zida",2024-05-18
392,https://www.4zida.rs/prodaja-placeva/drzanovac-okolne-lokacije-zitoradja/gradjevinsko-zemljiste/6346bdb82911b530d703430b,"Građevinsko zemljište na prodaju, Držanovac, 27.000€, 52a - 4zida",2024-05-18
393,https://www.4zida.rs/prodaja-placeva/jabuka-okolne-lokacije-pancevo/gradjevinsko-zemljiste/6510169ee221bcd849054f67,"Građevinsko zemljište na prodaju, Jabuka, 53.000€, 115a - 4zida",2024-05-18
394,https://www.4zida.rs/prodaja-placeva/barajevo-barajevo-opstina-beograd/gradjevinsko-zemljiste/658d969cda4e94abd60e86a9,"Građevinsko zemljište na prodaju, Taborište, 36.000€, 20a - 4zida",2024-05-18
395,https://www.4zida.rs/prodaja-placeva/rakovac-okolne-lokacije-beocin/gradjevinsko-zemljiste/64f8623026f78cb1de094075,"Građevinsko zemljište na prodaju, Rakovac, 129.950€, 15a - 4zida",2024-05-18
396,https://www.4zida.rs/prodaja-placeva/gornji-asambair-gradske-lokacije-vranje/gradjevinsko-zemljiste/660c4ecc2333e62db60ed473,"Građevinsko zemljište na prodaju, Gornji Asambair, 26.460€, 8a - 4zida",2024-05-18
397,https://www.4zida.rs/prodaja-placeva/medijana-gradske-lokacije-nis/gradjevinsko-zemljiste/65ef0a4d52a573e4000abd4a,"Građevinsko zemljište na prodaju, Medijana, 1€, 6a - 4zida",2024-05-18
398,https://www.4zida.rs/prodaja-placeva/niska-banja-gradske-lokacije-nis/gradjevinsko-zemljiste/60ed9b6f785be00a6130dcea,"Građevinsko zemljište na prodaju, Niška Banja, 32.000€, 37a - 4zida",2024-05-18
399,https://www.4zida.rs/prodaja-placeva/veliki-borak-barajevo-opstina-beograd/gradjevinsko-zemljiste/65d633bf59e4062db30872e6,"Građevinsko zemljište na prodaju, Srednjačka, 14.700€, 10a - 4zida",2024-05-18
400,https://www.4zida.rs/prodaja-placeva/zlatar-okolne-lokacije-nova-varos/gradjevinsko-zemljiste/6602c24e9ae03e9e0f08d218,"Građevinsko zemljište na prodaju, Drmanovići bb, 225.000€, 50a - 4zida",2024-05-18
401,https://www.4zida.rs/prodaja-placeva/deguric-okolne-lokacije-valjevo/gradjevinsko-zemljiste/62e7f793f9d11402550b16f2,"Građevinsko zemljište na prodaju, Uzicka bb, 25.000€, 20a - 4zida",2024-05-18
402,https://www.4zida.rs/prodaja-placeva/vrcin-grocka-opstina-beograd/gradjevinsko-zemljiste/65a694dca1f78d19640e607b,"Građevinsko zemljište na prodaju, Zavojnice, 154.485€, 34a - 4zida",2024-05-18
403,https://www.4zida.rs/prodaja-placeva/vlaska-mladenovac-opstina-beograd/gradjevinsko-zemljiste/6420802753fde74e5c01ddf9,"Građevinsko zemljište na prodaju, Vlaška, 18.000€, 15a - 4zida",2024-05-18
404,https://www.4zida.rs/prodaja-placeva/banja-vrdnik-okolne-lokacije-irig/gradjevinsko-zemljiste/65710127408b4637ae08fb3d,"Građevinsko zemljište na prodaju, Banja Vrdnik, 380.000€, 118a - 4zida",2024-05-18
405,https://www.4zida.rs/prodaja-placeva/ribarska-banja-okolne-lokacije-krusevac/gradjevinsko-zemljiste/6143123eebb22e6db424b063,"Građevinsko zemljište na prodaju, Ribarska Banja, 45.000€, 18a - 4zida",2024-05-18
406,https://www.4zida.rs/prodaja-placeva/mali-bajmok-gradske-lokacije-subotica/gradjevinsko-zemljiste/642c256e2b572f12dd03f357,"Građevinsko zemljište na prodaju, Mali Bajmok, 182.000€, 151a - 4zida",2024-05-18
407,https://www.4zida.rs/prodaja-placeva/lisovic-barajevo-opstina-beograd/gradjevinsko-zemljiste/63a19816d1ca73d2c3017a3c,"Građevinsko zemljište na prodaju, Lisović, 66.640€, 136a - 4zida",2024-05-18
408,https://www.4zida.rs/prodaja-placeva/pejton-gradske-lokacije-sremska-mitrovica/gradjevinsko-zemljiste/64e49c6a374ae4140c099d38,"Građevinsko zemljište na prodaju, Pejton, 35.000€, 5a - 4zida",2024-05-18
409,https://www.4zida.rs/prodaja-placeva/zaklopaca-grocka-opstina-beograd/gradjevinsko-zemljiste/651a99aedd7549cd1b01784f,"Građevinsko zemljište na prodaju, Beogradska, 28.000€, 7a - 4zida",2024-05-18
410,https://www.4zida.rs/prodaja-placeva/centar-gradske-lokacije-topola/gradjevinsko-zemljiste/636468c2eb89d6aee507021d,"Građevinsko zemljište na prodaju, Centar, 21.316€, 53a - 4zida",2024-05-18
411,https://www.4zida.rs/prodaja-placeva/avala-vrcin-grocka-opstina-beograd/gradjevinsko-zemljiste/66292d18762191e18e0f27f4,"Građevinsko zemljište na prodaju, Avala, 44.900€, 17a - 4zida",2024-05-18
412,https://www.4zida.rs/prodaja-placeva/grigovac-popovica-sremska-kamenica-gradske-lokacije-novi-sad/gradjevinsko-zemljiste/62bcca6fa57b60dd1e024714,"Građevinsko zemljište na prodaju, Mala Kamenica, 56.000€, 29a - 4zida",2024-05-18
413,https://www.4zida.rs/prodaja-placeva/palilula-gradske-lokacije-nis/gradjevinsko-zemljiste/6220c16e9d72c534485d24b8,"Građevinsko zemljište na prodaju, Palilula, 19.000€, 9a - 4zida",2024-05-18
414,https://www.4zida.rs/prodaja-placeva/novi-grad-gradske-lokacije-subotica/gradjevinsko-zemljiste/6581e2d34a0ac12d4d0ce74b,"Građevinsko zemljište na prodaju, Jovana Mikića 108/A, 9.000€, 4a - 4zida",2024-05-18
415,https://www.4zida.rs/prodaja-placeva/makis-cukarica-cukarica-opstina-beograd/gradjevinsko-zemljiste/648346f39337e369ae00301a,"Građevinsko zemljište na prodaju, Bore Stankovića, 95.000€, 9a - 4zida",2024-05-18
416,https://www.4zida.rs/prodaja-placeva/ledena-stena-palilula-gradske-lokacije-nis/gradjevinsko-zemljiste/5b9ff562ad8502148c0e7fea,"Građevinsko zemljište na prodaju, Dimitrija Tucovića 212, 3.045.000€, 203a - 4zida",2024-05-18
417,https://www.4zida.rs/prodaja-placeva/velika-mostanica-cukarica-opstina-beograd/gradjevinsko-zemljiste/645bb8d9c73c905ca60f16ed,"Građevinsko zemljište na prodaju, Prvog maja, 32.000€, 15a - 4zida",2024-05-18
418,https://www.4zida.rs/prodaja-placeva/zova-okolne-lokacije-zlatibor/gradjevinsko-zemljiste/64c7fb098a42937d3b04ec59,"Građevinsko zemljište na prodaju, Zova, 48.000€, 4a - 4zida",2024-05-18
419,https://www.4zida.rs/prodaja-placeva/letnjikovacka-kosa-gradske-lokacije-sabac/gradjevinsko-zemljiste/65e0eeb47e96078f5d010b8f,"Građevinsko zemljište na prodaju, Letnjikovačka Kosa, 115.000€, 40a - 4zida",2024-05-18
420,https://www.4zida.rs/prodaja-placeva/sopot-sopot-opstina-beograd/gradjevinsko-zemljiste/662a3ffe0f348f76080759b7,"Građevinsko zemljište na prodaju, Kosmajski trg, 30.000€, 20a - 4zida",2024-05-18
421,https://www.4zida.rs/prodaja-placeva/ledinci-okolne-lokacije-novi-sad/gradjevinsko-zemljiste/64db993ec8e235c3df0d539f,"Građevinsko zemljište na prodaju, Ledinci, 87.550€, 10a - 4zida",2024-05-18
422,https://www.4zida.rs/prodaja-placeva/zaklopaca-grocka-opstina-beograd/gradjevinsko-zemljiste/64ad2db0233c790ccf04366e,"Građevinsko zemljište na prodaju, Zaklopača, 65.000€, 235a - 4zida",2024-05-18
423,https://www.4zida.rs/prodaja-placeva/kumodraz-vozdovac-opstina-beograd/gradjevinsko-zemljiste/63f3c64328144f31870b2741,"Građevinsko zemljište na prodaju, Zemljoradnička, 135.000€, 8a - 4zida",2024-05-18
424,https://www.4zida.rs/prodaja-placeva/kosmaj-mladenovac-opstina-beograd/gradjevinsko-zemljiste/641599c2c2324a83110d4b83,"Građevinsko zemljište na prodaju, Kosmaj, 18.000€, 27a - 4zida",2024-05-18
425,https://www.4zida.rs/prodaja-placeva/vozdovac-vozdovac-opstina-beograd/gradjevinsko-zemljiste/6594857a8078740fb40e639d,"Građevinsko zemljište na prodaju, BERANSKA, 600.000€, 10a - 4zida",2024-05-18
426,https://www.4zida.rs/prodaja-placeva/industrijska-zona-sever-gradske-lokacije-novi-sad/gradjevinsko-zemljiste/6231cc6492fb56230e6eed26,"Građevinsko zemljište na prodaju, profesora dr. Dragoslava Milisavljevica bb, 280.000€, 58a - 4zida",2024-05-18
427,https://www.4zida.rs/prodaja-placeva/novi-grad-zemun-zemun-opstina-beograd/gradjevinsko-zemljiste/6453b535caee9410f20cd1b0,"Građevinsko zemljište na prodaju, Ševina, 180.000€, 4a - 4zida",2024-05-18
428,https://www.4zida.rs/prodaja-placeva/delijski-vis-palilula-gradske-lokacije-nis/gradjevinsko-zemljiste/645239a98b87921ff10707ac,"Građevinsko zemljište na prodaju, Jovanke Boncic, 21.000€, 3a - 4zida",2024-05-18
429,https://www.4zida.rs/prodaja-placeva/bajlonijeva-pijaca-stari-grad-opstina-beograd/gradjevinsko-zemljiste/65a4059b2cdddd482f08e261,"Građevinsko zemljište na prodaju, Džordža Vašingtona 18-22, 6.500.000€, 10a - 4zida",2024-05-18
430,https://www.4zida.rs/prodaja-placeva/donje-vlase-okolne-lokacije-nis/gradjevinsko-zemljiste/6411d3592c6f6e55130ee0ce,"Građevinsko zemljište na prodaju, Donje Vlase, 8.000€, 18a - 4zida",2024-05-18
431,https://www.4zida.rs/prodaja-placeva/donje-medjurovo-okolne-lokacije-nis/gradjevinsko-zemljiste/64ec6821f1a75dd5980e0821,"Građevinsko zemljište na prodaju, Novo selo, 39.500€, 38a - 4zida",2024-05-18
432,https://www.4zida.rs/prodaja-placeva/zaovine-tara/gradjevinsko-zemljiste/646224835220e807a400a289,"Građevinsko zemljište na prodaju, Zaovine, 10.000€, 10a - 4zida",2024-05-18
433,https://www.4zida.rs/prodaja-placeva/sopot-sopot-opstina-beograd/gradjevinsko-zemljiste/660ade16c0d95c81b10e1145,"Građevinsko zemljište na prodaju, Kosmaj, Koraćica, 16.900€, 25a - 4zida",2024-05-18
434,https://www.4zida.rs/prodaja-placeva/popovac-okolne-lokacije-nis/gradjevinsko-zemljiste/64a687ce5c7cc3fa0205ebac,"Građevinsko zemljište na prodaju, Popovac, 370.000€, 183a - 4zida",2024-05-18
435,https://www.4zida.rs/prodaja-placeva/zaovine-tara/gradjevinsko-zemljiste/64aecce5e5845280e10d12bc,"Građevinsko zemljište na prodaju, Vezanja Bb, 32.000€, 16a - 4zida",2024-05-18
436,https://www.4zida.rs/prodaja-placeva/donji-matejevac-okolne-lokacije-nis/gradjevinsko-zemljiste/656def5eb99748a1000c5422,"Građevinsko zemljište na prodaju, Donji Matejevac, 83.000€, 27a - 4zida",2024-05-18
437,https://www.4zida.rs/prodaja-placeva/opornica-okolne-lokacije-kragujevac/gradjevinsko-zemljiste/661710686a526540ab043574,"Građevinsko zemljište na prodaju, Opornička, 36.000€, 59a - 4zida",2024-05-18
438,https://www.4zida.rs/prodaja-placeva/rakovac-okolne-lokacije-beocin/gradjevinsko-zemljiste/63c9afc13428ced561073d9e,"Građevinsko zemljište na prodaju, Potes Salaksije, 475.000€, 65a - 4zida",2024-05-18
439,https://www.4zida.rs/prodaja-placeva/srpski-sor-zorka-gradske-lokacije-subotica/gradjevinsko-zemljiste/63373a2ca232c234bf0ab624,"Građevinsko zemljište na prodaju, Pokret Nesvrstanih, 15.500€, 2a - 4zida",2024-05-18
440,https://www.4zida.rs/prodaja-placeva/guca-okolne-lokacije-lucani/gradjevinsko-zemljiste/652ea8fcde40e020450b8c98,"Građevinsko zemljište na prodaju, Guča , 9.000€, 8a - 4zida",2024-05-18
